,popularity,danceability,energy,key,loudness,mode,speechiness,acousticness,instrumentalness,liveness,valence,tempo,time_signature,class,Cluster,name
26708,0.408275788,0.004562661,0.004104246,0.050139132,-0.049014583,0,0.000321607,0.001002783,0,0.000931155,0.000816552,0.909688594,0.028650932,7,1,Caravan
15160,0.3754126,0.002529703,0.005417493,0.034653471,-0.032406771,0,0.000542904,4.86E-05,6.24E-09,0.004655116,0.003372938,0.925316977,0.023102314,1,2,"""Variations and Fugue in E-Flat Major, Op. 35 """"Eroica Variations"""": Variation XV"""
64342,0.383797449,0.006426863,0.005024258,0.048846948,-0.035260518,0,0.00071177,0.002923839,0,0.000669203,0.005847677,0.920967336,0.027912542,1,2,Dünya Tatlısı
16239,0.449481473,0.003920068,0.004605343,0.051579841,-0.036474316,0.007368549,0.000215898,0.000471587,0,0.001643186,0.001657923,0.89051122,0.029474195,3,0,Ankhen Badi Hai Naimat Baba
29102,0.441007633,0.005665827,0.007056122,0.014949411,-0.011518521,0,0.00052024,0.00070935,4.85E-08,0.003004832,0.005202395,0.896740436,0.029898823,3,0,"""Puccini: Madama Butterfly, Act 1: """"Ieri son salita tutta sola"""" (Butterfly"
37075,0.381528356,0.002948174,0.005674367,0.076305671,-0.03994255,0.006936879,0.000270538,3.79E-07,2.98E-08,0.000749183,0.002684572,0.919864867,0.027747517,1,2,Shut Down - Remastered 2001
12649,0.60677979,0.00761384,0.007015372,0.058184363,-0.03297391,0.008312052,0.001961644,0.000327495,0,0.000646678,0.004870862,0.791224222,0.033248208,0,4,Chili Con Conga
65505,0.393410141,0.005140559,0.004904513,0,-0.045406087,0.006556836,0.00155397,0.000548807,0,0.001567084,0.003468566,0.917806189,0.026227343,1,2,Rhythm Is A Dancer
60506,0.528926315,0.004779227,0.008179468,0.018890226,-0.052052016,0.009445113,0.000588431,0.000303188,1.28E-06,0.004391977,0.006205439,0.845875965,0.037780451,0,4,(I'll Never Be) Maria Magdalena - Single Verison
42720,0.566890044,0.004502257,0.006301517,0.041078989,-0.033619044,0,0.000500342,2.77E-05,1.45E-07,0.001487059,0.002481171,0.821382595,0.032863191,0,4,"""Moonchild - Including """"The Dream"""" and """"The Illusion"""""""
48840,0.448791569,0.006417719,0.004793094,0.06283082,-0.058648082,0.008975831,0.000371599,0.004452012,0,0.001050172,0.003060759,0.888670138,0.035903326,7,1,Todo Estará en Paz
49751,0.292145807,0.003331586,0.00483726,0.033709132,-0.025613322,0,0.00019158,5.73E-05,4.78E-06,0.000601146,0.004595678,0.955142625,0.022472754,4,3,Another Star
5982,0.373105865,0.004345586,0.006723221,0.014631603,-0.046726023,0.007315801,0.000418464,0.000322627,6.72E-08,0.001302213,0.003870059,0.925960968,0.029263205,1,2,Cholita Kihui
16158,0.555299901,0.007157199,0.006998542,0.008814284,-0.027103924,0.008814284,0.001366214,0.001436728,0,0.001154671,0.005041771,0.830287938,0.035257137,0,4,Chandni Hai Mausamen Barsat Hai
39892,0.412824311,0.004921513,0.006435202,0.05666216,-0.048454242,0.008094594,0.000229886,0.004646297,5.21E-08,0.006669946,0.002614554,0.907064052,0.032378377,7,1,A Most Peculiar Man
24999,0.606830915,0.005319454,0.005564769,0.012911296,-0.022104139,0.006455648,0.000813412,4.91E-05,8.52E-07,0.001956061,0.005170974,0.793915595,0.025822592,0,4,Natchez
72121,0.590317767,0.004410676,0.003051831,0.066828427,-0.073511269,0.011138071,0.000327459,0.007729821,0,0.001436811,0.001648435,0.799657813,0.044552284,0,4,I'm On Fire - Live
51031,0.559886809,0.007454179,0.007278529,0.010978173,-0.082588793,0,0.0005533,0.004007033,0,0.001536944,0.006081908,0.823099478,0.043912691,0,4,Pulled Up - 2005 Remaster
14140,0.480840105,0.004626952,0.008555325,0,-0.032406809,0.009072455,0.00155139,3.82E-05,0.005298314,0.000562492,0.007040225,0.875310441,0.036289819,3,0,The World Is Mad Pt. 2 - 78rpm Version
23656,0.473538608,0.004919882,0.003554614,0.024599408,-0.031634839,0,0.000298268,2.34E-05,0,0.002207797,0.002256996,0.879490343,0.024599408,3,0,Serenata Sin Luna
40111,0.376335728,0.002654157,0.003730345,0.019807144,-0.040030237,0.006602381,0.000228442,0.001868474,1.42E-06,0.002588133,0.001861871,0.924987002,0.026409525,1,2,Don't It Make You Feel Good
3658,0.43763595,0.00443309,0.004368255,0,-0.116492206,0.008104369,0.001620874,0.000948211,0,0.00289326,0.006280886,0.890897125,0.032417478,3,0,Blue Guitar Stomp
13741,0.588990789,0.006013406,0.008758863,0.104498366,-0.045998281,0,0.000431293,0.001101983,4.42E-06,0.000674489,0.006516898,0.799032504,0.037999406,0,4,The Bourgeois Blues
30703,0.415000567,0.004775273,0.003502605,0.055333409,-0.027677771,0,0.001588069,6.53E-05,0,0.001577002,0.003015671,0.907418106,0.022133364,7,1,You Turned The Tables On Me
37253,0.546041811,0.007654888,0.007830034,0.010302676,-0.056458663,0.010302676,0.001339348,0.002307799,0,0.003729569,0.007788823,0.834588848,0.041210703,0,4,"""Sunset (From """"Grand Canyon Suite"""")"""
38987,0.525780528,0.006936911,0.006640099,0.008480331,-0.055410483,0.008480331,0.000376527,0.001967437,7.51E-05,0.000680971,0.006945391,0.847965267,0.033921324,0,4,Needle of Death - 2015 Remaster
54436,0.656033925,0.006247942,0.005217032,0.041652948,-0.112140148,0.010413237,0.003748765,0.009705137,0,0.000685191,0.005123313,0.743817512,0.041652948,5,3,"""On The Robert E. Lee - From """"The Jazz Singer"""" Soundtrack"""
70222,0.376713051,0.004821927,0.006239738,0.027397313,-0.037137057,0,0.000232192,0.000453426,0,0.001458907,0.004452063,0.924905882,0.020547985,1,2,Right Between the Eyes
61975,0.399882863,0.003025529,0.007175257,0.082994557,-0.019390546,0.00754496,0.000364422,1.06E-06,8.83E-07,0.001109109,0.002504927,0.912027182,0.030179839,7,1,Faithfully
68028,0.510653288,0.003695273,0.008718244,0.083561447,-0.026600394,0,0.000601642,5.49E-05,8.18E-06,0.003314604,0.002181882,0.854434366,0.037138421,2,0,La Barca
47022,0.514415111,0.003165631,0.005144151,0.039570393,-0.048307536,0,0.000368796,9.34E-05,6.03E-07,0.006260036,0.001187112,0.854633437,0.031656315,2,0,King Of The World
65171,0.370747366,0.003973176,0.003973176,0.037074737,-0.043748189,0,0.000559211,0.002928904,0,0.000630271,0.005005089,0.926596533,0.024716491,1,2,In This Life
27169,0.554683162,0.003372831,0.005707869,0.03578601,-0.051478176,0.008946503,0.000487584,0.001905605,7.13E-07,0.00107358,0.003301259,0.828839788,0.03578601,0,4,"""Wagner: Tristan und Isolde, WWV 90, Act 2 Scene 2: """"Das Licht! Das Licht!"""" (Tristan"
9834,0.435124904,0.005060082,0.005158336,0.035090718,-0.083157984,0,0.000199315,0.000807087,0,0.000350205,0.006744436,0.895339671,0.028072574,3,0,"Das ist bei uns nicht möglich, Kapitel 163"
26410,0.399807478,0.00424411,0.003990386,0.046131632,-0.060555456,0.007688605,0.000412878,0.004236422,3.97E-08,0.000702739,0.0039135,0.912845046,0.030754421,1,2,Texas Toni Lee
64397,0.414999394,0.005772264,0.003561449,0.075454435,-0.044042754,0.007545444,0.000392363,0.002195724,0,0.002935178,0.002655996,0.90504577,0.030181774,7,1,Nada Sin Ti
45615,0.422399339,0.005347735,0.006184564,0.079697988,-0.090967284,0.007969799,0.000224748,0.001091862,5.17E-05,0.003140101,0.007332215,0.897630474,0.031879195,7,1,Vitamin C
63795,0.378140203,0.003940619,0.003496138,0.066340386,-0.045144633,0.006634039,0.000204328,0.000928765,0,0.001950407,0.001499293,0.921839474,0.026536155,1,2,How Beautiful
63030,0.543290654,0.004696835,0.002409757,0.03505101,-0.081344631,0.008762752,0.000242728,0.007518442,3.47E-07,0.001069056,0.002707691,0.834021256,0.03505101,2,0,Paniwalaan
60853,0.365961774,0.003348895,0.004329397,0.07595433,-0.047022635,0.006904939,0.000229244,0.00114622,9.94E-08,0.000452964,0.001629566,0.925876383,0.027619757,1,2,La mataré - 2013 Remastered Version
39683,0.321610164,0.002396311,0.005398006,0,-0.027973778,0.006306082,0.000314043,0.00013495,0,0.003512487,0.00090177,0.946076206,0.025224327,4,3,"The Theme / Closing Announcement by Leonard Feather - Live at the Newport Jazz Festival, Newport, RI - July 1966"
42981,0.309784055,0.001299987,0.002871034,0.060850439,-0.031481805,0.005531858,0.000188636,0.003252733,0,0.000652759,0.000502846,0.948049844,0.022127432,4,3,Son of a Preacher Man
67154,0.485239128,0.005507079,0.004405663,0.053915459,-0.052783234,0.007702208,0.000573815,0.000187934,0,0.002002574,0.003304247,0.870503592,0.030808834,2,0,Fatalidad
11836,0.383981225,0.005345019,0.005974748,0.007679625,-0.055907666,0.007679625,0.000219637,0.000223477,1.36E-08,0.000998351,0.005729,0.921017366,0.030718498,1,2,Tera Hai Sansar Sara
52781,0.520465983,0.006627267,0.005490916,0.034697732,-0.063392757,0,0.000289726,0.003808076,0,0.001535375,0.006349685,0.850033718,0.034697732,2,0,Outlaw Women
24641,0.692757676,0.00608275,0.005178786,0.008448264,-0.058284576,0,0.000483241,0.001562929,0,0.001309481,0.007240163,0.717882815,0.033793057,5,3,Jungle River Boat
60965,0.509193361,0.005374819,0.006635679,0.040412172,-0.04927052,0.008082434,0.000440493,0.004833296,0,0.007411592,0.007443922,0.857522032,0.032329737,2,0,Vistete
9946,0.455405713,0.003902356,0.003721764,0.007851823,-0.063183617,0,0.00025911,0.002402658,1.43E-08,0.000824441,0.00032271,0.887428698,0.031407291,3,0,"Das ist bei uns nicht möglich, Kapitel 85"
56922,0.436428528,0.003723721,0.005715806,0.028156679,-0.027973661,0,0.002703041,0.000978445,0,0.000606073,0.0023722,0.898388125,0.028156679,3,0,Phantom Lord - Remastered
64995,0.398899494,0.004216938,0.002642709,0.064108847,-0.07098274,0,0.000311284,0.002849282,2.61E-06,0.000678841,0.001403271,0.911528084,0.028492821,1,2,Can't Cry Hard Enough
62254,0.390075668,0.003951322,0.002195982,0.036118117,-0.074721161,0,0.00025066,0.006067844,4.98E-06,0.00070936,0.000794599,0.916547795,0.028894494,1,2,Du rhum des femmes
7561,0.461408085,0.002639955,0.003060479,0,-0.059036872,0.005840609,0.000205005,0.001839792,0,0.000601583,0.00143679,0.884881417,0.023362435,3,0,Chapter 18.7 - Kariera Nikodema Dyzmy
36203,0.514379455,0.003629233,0.008544414,0.104781,-0.038978532,0.009525545,0.000406741,0.00064869,0.00030577,0.001552664,0.00506759,0.849269057,0.038102182,2,0,I Can't Get Started - Instrumental
37205,0.407591309,0.005217169,0.00631396,0,-0.048325508,0.007410751,0.000223805,0.000209724,0.002608584,0.004631719,0.007114321,0.911292649,0.029643004,1,2,"Shake, Rattle and Roll"
33666,0.495948695,0.008000682,0.006662556,0.009357523,-0.057735914,0.009357523,0.001506561,0.000844984,0,0.000816912,0.00521214,0.86543983,0.03743009,2,0,Concierto de Aranjuez: Adagio
3676,0.588915405,0.005266904,0.010422692,0.100004503,-0.029367989,0.011111611,0.000997823,0.005855819,0.005778038,0.003322372,0.005611364,0.799980463,0.044446446,0,4,Chapter 133.2 & Chapter 134.1 - Dolina strachu
19433,0.400661908,0.002023682,0.006722971,0.027163519,-0.022796983,0,0.000869233,5.93E-05,1.13E-06,0.003205295,0.00308985,0.915098216,0.027163519,7,1,"Suite in A Minor, BWV 818: Allemande"
65520,0.537906049,0.005551959,0.008145434,0.048027326,-0.065720593,0.009605465,0.000250703,0.000540788,4.09E-05,0.000925006,0.007482657,0.838038414,0.038421861,2,0,Up Where We Belong
50593,0.438526272,0.004969964,0.001006031,0.085985544,-0.111935981,0.008598554,0.000277733,0.008177225,0,0.000877053,0.003912342,0.887087057,0.025795663,7,1,You Light Up My Life
10405,0.4197024,0.005842257,0.004062719,0.067152384,-0.07313734,0.008394048,0.000327368,0.004633514,0,0.002224423,0.008217773,0.901470392,0.033576192,7,1,"Das ist bei uns nicht möglich, Kapitel 41"
27953,0.433947634,0.003521378,0.002098599,0.049797269,-0.088368812,0.007113896,0.000289536,0.006459417,9.25E-06,0.00135164,0.00193498,0.894693313,0.028455583,3,0,If I Should Love Again
25600,0.375329739,0.003002638,0.005155473,0,-0.05516639,0.007081693,0.000267688,8.92E-07,0.002223652,0.001480074,0.00535376,0.924748742,0.028326773,1,2,Would You?
15065,0.557773689,0.004834039,0.005440314,0.016167353,-0.084320831,0.008083677,0.000560199,0.000341131,5.53E-07,0.002336183,0.004769369,0.824817948,0.032334707,0,4,"Pelléas et Mélisande (2006 Digital Remaster), Act IV, Scene Three: Oh! Cette pierre est lourde...(Yniold/Le berger)"
7867,0.38095703,0.002343245,0.000413302,0.028751474,-0.11859983,0.007187868,0.000282483,0.00711599,0.006375639,0.002019791,0.002163548,0.915712883,0.035939342,1,2,Musetto
60922,0.339294814,0.003875791,0.004430407,0.0065249,-0.040982899,0,0.000230329,0.002864431,0,0.005624464,0.003007979,0.939357268,0.026099601,4,3,Try - Remastered 2012 version
57471,0.287902834,0.002113098,0.002634583,0.016296387,-0.048677307,0.005432129,0.000189038,0.00380249,1.78E-07,0.00066272,0.0013526,0.956005805,0.021728516,4,3,Egna drömmar (Moonlight Shadow)
18566,0.601704548,0.005398392,0.00618654,0.04237356,-0.04559395,0,0.00074069,0.002737332,0,0.000831369,0.006203489,0.795495786,0.033898848,0,4,Caldonia
21496,0.642465705,0.005230427,0.003937937,0.075584201,-0.063982026,0,0.002494279,0.002275084,0,0.000427051,0.003499548,0.759243295,0.03023368,5,3,Line 'Em
58899,0.356072442,0.003166501,0.004819695,0.044509055,-0.021536024,0.006358436,0.000239077,0.004215643,6.74E-06,0.001169952,0.006129533,0.932884364,0.019075309,1,2,No One Lives Forever
58321,0.402572268,0.006038584,0.004892801,0,-0.047573204,0,0.000638696,0.000449023,6.83E-06,0.001989636,0.005256665,0.913575828,0.030967098,1,2,De Vez en Cuando la Vida - En Directo
74298,0.26218785,0.001861534,0.003492342,0,-0.03284165,0.005243757,0.000190873,4.83E-07,0,0.000608276,0.001405327,0.964305939,0.015731271,4,3,Gripa Colombiana
24960,0.607112462,0.005503954,0.004649203,0.039941609,-0.054144846,0.007988322,0.000188524,0.00095061,3.71E-05,0.000806821,0.007053688,0.791011619,0.031953287,0,4,Building On Sand
41900,0.449223366,0.006289127,0.006801242,0.062891271,-0.054104462,0.008984467,0.000492349,0.000673835,1.80E-07,0.000501333,0.007457108,0.88870757,0.035937869,7,1,Sexual Healing
52250,0.331972496,0.004162935,0.005729845,0,-0.034571616,0,0.000256283,0.002058229,5.98E-08,0.000361186,0.005251805,0.942237536,0.0265578,4,3,In Only Seven Days - Remastered 2011
49918,0.642396699,0.002277588,0.004029579,0.009733283,-0.081477315,0.009733283,0.000463304,0.006832765,0,0.000380571,0.001401593,0.761298488,0.02919985,0,4,I'm Straight
19024,0.509587157,0.005681208,0.004166219,0.075749442,-0.066866099,0.006886313,0.000258925,0.000526114,0,0.002162302,0.006500679,0.853937235,0.027545252,2,0,Fado Eugénia Câmara
22810,0.429160285,0.005492008,0.003632313,0.043538,-0.013073839,0,0.000289217,0.000243813,2.73E-08,0.000540493,0.004876256,0.901703078,0.024878857,3,0,Somebody Stole My Gal (Live)
13123,0.414779041,0.00466815,0.006877791,0.082955808,-0.033039036,0,0.001085967,3.01E-05,0,0.00152337,0.005233757,0.904972454,0.030165748,7,1,Good For Nothing Blues
23167,0.73329241,0.005729458,0.006100993,0.048886161,-0.058135422,0.009777232,0.001104827,0.000149592,1.74E-08,0.001300372,0.002610521,0.674394363,0.039108929,5,3,Jiya Mora Hale Dole Ho
20491,0.634563125,0.004226836,0.006549982,0.043021229,-0.064037099,0.010755307,0.000446345,0.000600146,2.39E-08,0.001150818,0.003732092,0.767681562,0.043021229,0,4,Kyon Yaad Aa Rahe Hain
50456,0.401136786,0.003968389,0.005465489,0.028652628,-0.046710946,0,0.001267879,0.000556577,1.02E-08,0.001038658,0.005931094,0.91388272,0.028652628,1,2,אגדה יפנית
49785,0.311574323,0.002210979,0.003541162,0.023967256,-0.038167855,0.005991814,0.000611165,0.001971307,2.09E-08,0.000456576,0.003283514,0.949097332,0.005991814,4,3,As Rosas Não Falam
27663,0.524561377,0.004678749,0.006015534,0.059224672,-0.065265588,0.008460667,0.000383268,0.000533022,7.12E-08,0.000642165,0.00252974,0.846041355,0.033842669,2,0,"Hey Brother, Pour The Wine"
12403,0.475296513,0.003189971,0.001471591,0.03656127,-0.142927146,0.009140318,0.000323567,0.006791256,1.98E-05,0.000996295,0.002833498,0.86723333,0.009140318,6,1,Through Heaven's Eyes
43348,0.515237989,0.004335106,0.008181624,0.071067309,-0.042009663,0.008883414,0.000541888,1.00E-05,0,0.001154844,0.002052069,0.8522214,0.035533654,2,0,Es hängt ein Pferdehalfter an der Wand - Remastered
67021,0.557172517,0.007791429,0.006515324,0.053919921,-0.046721612,0,0.001267118,8.90E-05,5.63E-08,0.001141305,0.004825833,0.826466575,0.035946614,0,4,Cock the Hammer
65820,0.436779105,0.003843656,0.005678128,0,-0.018744063,0.006239702,0.000240852,0.000286402,0,0.002140218,0.004324113,0.898966275,0.024958806,3,0,Let Me Be Your Fantasy - Radio Edit
24541,0.654625969,0.006192611,0.006177562,0.060195491,-0.025598133,0,0.001249056,0.002332575,3.22E-08,0.001075994,0.005951829,0.752436118,0.030097746,5,3,Kapitel 280 - Die drei Ehen der Grand Sophy
51543,0.360831825,0.002405546,0.003919624,0.007075134,-0.14484214,0.007075134,0.001563605,1.10E-06,0.006884105,0.000806565,0.001103721,0.920786217,0.028300535,1,2,Grease - 2007 Remaster
38239,0.630563977,0.009307124,0.006431753,0.100890236,-0.084747798,0,0.000622997,0.006494809,0,0.000918101,0.00857567,0.763045468,0.050445118,5,3,You Two
12171,0.362204981,0.00242548,0.00141648,0.006467946,-0.084807709,0.006467946,0.000186277,0.005044998,9.12E-06,0.000705006,0.001274185,0.927807464,0.025871784,1,2,Gymnopédie No. 1 (Orch. Debussy)
57825,0.493415391,0.006635332,0.006222925,0.007364409,-0.025517677,0.007364409,0.001023653,0.00041388,0,0.002047306,0.006944638,0.868779309,0.029457635,3,0,Blue Jean - 2018 Remaster
24674,0.642234469,0.00673563,0.005936753,0.086153404,-0.040413779,0.007832128,0.000544333,0.000164475,5.12E-07,0.002694252,0.003547954,0.759826034,0.031328511,5,3,One Mint Julep
20311,0.566264943,0.005662649,0.007781576,0.009133306,-0.038387283,0.009133306,0.000281306,9.86E-05,4.51E-08,0.002548192,0.004374853,0.822344563,0.036533222,0,4,"Estampes, L. 100: 2. La soirée dans Grenade"
68986,0.476621405,0.0057914,0.006771621,0.089928567,-0.048993083,0.008992857,0.00033993,0.000139389,0,0.000645687,0.006969464,0.872262135,0.035971427,7,1,Te Necesito
62785,0.504013716,0.005327145,0.005467149,0.035000953,-0.047447291,0,0.000987027,0.000476713,0.000756021,0.000424912,0.00331109,0.861184437,0.028000762,2,0,Looking Down The Barrel Of A Gun
3105,0.376805435,0.003434726,0.005862223,0.028985033,-0.036042889,0.007246258,0.000279706,3.92E-05,0,0.000436225,0.005086873,0.924615321,0.028985033,1,2,Roméo et Juliette : Valse de Juliette
72113,0.595027056,0.002826379,0.00682156,0.074378382,-0.054540605,0.010625483,0.000737409,0.004505205,0,0.001001983,0.000394205,0.797144996,0.042501933,0,4,Big Calm
72341,0.442637156,0.006222457,0.006886413,0.008512253,-0.056146821,0,0.000206848,0.005524452,0,0.002349382,0.007550368,0.894152592,0.034049012,3,0,Sleeping Sun
6721,0.404352832,0.00639036,0.004019743,0.087213356,-0.100144718,0,0.00025609,0.000110206,0.00011417,0.000516144,0.005359657,0.90430736,0.031713948,7,1,"Werther, Acte I: Noël! Jésus vient de naître"
24443,0.540611053,0.005235781,0.004961773,0.066650678,-0.045448357,0.007405631,0.000239202,0.001214523,2.10E-05,0.000807214,0.006087429,0.836784448,0.029622523,2,0,Giati giati giati
21105,0.673619472,0.005246642,0.005170741,0,-0.078737577,0.009487598,0.000822575,0.007960095,0,0.000578743,0.008946805,0.733694944,0.037950393,5,3,Dulhan Ban Ke Sajan Ke Dwar Chalo
4904,0.433538941,0.006794889,0.004143632,0.041686437,-0.113662238,0,0.000287636,0.002025961,2.04E-06,0.000568603,0.005094083,0.892289839,0.033349149,3,0,Haven't Got a Dollar
24247,0.407735337,0.004114908,0.003449656,0.026824693,-0.028031804,0.005364939,0.000541859,0.001158827,5.58E-07,0.000432414,0.002875607,0.911985921,0.021459755,7,1,I Hate Music! A Cycle of Five Kid Songs for Soprano: IV. A Big Indian and a Little Indian. Con brio
20643,0.403862322,0.004079595,0.003096278,0.011706154,-0.051729496,0.005853077,0.000197834,0.000673104,0.005244357,0.00052385,0.002844595,0.912927852,0.023412309,1,2,Tweedle-O-Twill
51489,0.494647997,0.006349482,0.000763557,0.0269808,-0.197193672,0.0089936,0.00030848,0.008939638,0.008148202,0.001178162,0.003750331,0.845398395,0.0269808,6,1,September
2766,0.453944905,0.00438017,0.006649895,0.05574762,-0.068744779,0,0.000387844,0.001298123,0.001425546,0.000688085,0.006434868,0.885988959,0.031855783,7,1,Kapitel 304 - Der Page und die Herzogin
42504,0.438667622,0.007010558,0.006271322,0,-0.018505275,0.008123474,0.000926076,0.000135662,0,0.001673436,0.006742484,0.897757658,0.032493898,3,0,With A Little Help From My Friends
17566,0.377667864,0.002404308,0.002781976,0.026596328,-0.034325221,0.005319266,0.000332454,0.002994747,0,0.001239389,0.001930893,0.92475434,0.015957797,1,2,Tuna Dağları - Vals
23390,0.608398309,0.005467016,0.00543274,0.051413942,-0.055475643,0.00856899,0.000401029,0.001833764,0,0.000742075,0.004053132,0.789178296,0.034275961,0,4,Tere Aane Par Dil Dhadke
48256,0.60225696,0.00645145,0.005475063,0.063875738,-0.076632636,0,0.00173377,0.000976386,0,0.000958136,0.005265186,0.790663012,0.045625527,0,4,Shiver Me Timbers
3946,0.461095352,0.003878141,9.72E-05,0.016467691,-0.261292856,0.008233846,0.000335118,0.006438867,0.006578843,0.00203376,0.000577193,0.847106267,0.032935382,6,1,"Nocturne in E-Flat Major, Op. 9, No. 2"
191,0.38722915,0.004426561,0.002854866,0.045556371,-0.082867038,0.007592728,0.000328765,0.005504728,0.001905775,0.000487453,0.004661935,0.916541028,0.030370914,1,2,Hotter Than That
25496,0.527487625,0.00745289,0.006040584,0.093586514,-0.10981952,0.008507865,0.002952229,0.000556414,2.65E-05,0.00781022,0.006159694,0.83636566,0.03403146,2,0,Kapitel 9 - Ausgewählte Märchen
49903,0.464440367,0.006666085,0.006565912,0.009106674,-0.052882455,0.009106674,0.000660234,0.000279575,6.64E-07,0.001520815,0.003879443,0.883119697,0.036426695,3,0,I Don't Wanna Walk Around with You - Demo
2398,0.306292168,0.002612152,0.004114717,0.052011878,-0.055999455,0.005779098,0.000321318,0.002999352,8.96E-09,0.001092249,0.004877558,0.948534834,0.02311639,4,3,Kapitel 51 - Der Page und die Herzogin
51111,0.401053705,0.003181693,0.005273856,0.026736914,-0.03616836,0.006684228,0.000762002,0.000491291,0,0.000645696,0.002600165,0.914509396,0.026736914,7,1,Too Hot to Handle - 2008 Remaster
53365,0.412091329,0.005085051,0.002495874,0.007775308,-0.127110737,0,0.000380213,0.005792605,0.000418312,0.001049667,0.001282926,0.901624726,0.031101232,3,0,003 - und der Karpatenhund - Teil 35
71237,0.355605855,0.003421978,0.00324709,0.034977625,-0.051440427,0.005829604,0.000617938,0.002489241,0,0.000600449,0.002302694,0.932235323,0.023318417,1,2,Eifersucht
42033,0.424503648,0.003599791,0.001579154,0.008490073,-0.141571967,0.008490073,0.000266588,0.008413662,0.000216497,0.005960031,0.000933908,0.893495279,0.033960292,3,0,A Day In the Life of a Fool
10252,0.36784964,0.003367239,0.005263079,0.070740315,-0.073527484,0.007074032,0.000230613,0.000498012,6.23E-08,0.000884254,0.004711305,0.923776558,0.028296126,1,2,"Beethoven: Violin Concerto in D Major, Op. 61: III. Rondo. Allegro"
4802,0.43597137,0.003870202,0.006906704,0.015297241,-0.068057425,0.007648621,0.000348012,1.29E-05,0,0.002569936,0.005973573,0.896640135,0.030594482,3,0,Tight Time Blues
36448,0.353458045,0.00320233,0.001477455,0.014138322,-0.126764193,0.007069161,0.000266507,0.006899501,0.006107755,0.00057755,0.001385556,0.926201461,0.028276644,1,2,Come Go With Me
1340,0.456756702,0.004559825,0.004048877,0.023224917,-0.086087026,0.007741639,0.000312762,0.003073431,0.000167994,0.000748616,0.004528859,0.884497741,0.030966556,3,0,I'm Gonna Gitcha
37634,0.459216401,0.005836223,0.005034682,0.033397556,-0.050664093,0,0.000224599,0.003665382,3.86E-08,0.001653179,0.005318561,0.885561256,0.033397556,3,0,O Calhambeque (Road Hog) - Versão remasterizada
18548,0.540407979,0.00427823,0.005381563,0.007505666,-0.036882845,0.007505666,0.000217664,7.26E-05,0,0.000625222,0.002409319,0.839959123,0.030022665,0,4,Stringin' Along a Shoe String
55482,0.538955819,0.008389746,0.006027323,0.017965194,-0.042748179,0.008982597,0.00078957,0.000765317,0,0.000718608,0.006494418,0.840151279,0.035930388,0,4,0027 - und der magische Kreis - Teil 32
8217,0.511727866,0.007825907,0.003696793,0.088228942,-0.096707744,0,0.003114482,0.00100581,0.002364536,0.001138153,0.005081987,0.848312458,0.035291577,2,0,I Cried for You (with Teddy Wilson & His Orchestra) - Take 2
50164,0.491553048,0.004098685,0.002855345,0.072287213,-0.04024952,0.007228721,0.00021903,0.006288988,0,0.000766244,0.002378249,0.866355018,0.028914885,2,0,Main Pal Do Pal Ka Shair Hoon
61195,0.407756194,0.005708587,0.00508239,0.050969524,-0.041991607,0,0.000216985,0.000270867,5.18E-06,0.001754808,0.005264424,0.910184638,0.029125442,7,1,Hold On Me
62991,0.486892844,0.004190756,0.00242577,0.078250636,-0.079207032,0.008694515,0.000227796,0.006068772,0,0.000912924,0.002086684,0.865556364,0.03477806,7,1,Riding the Storm
17768,0.581822394,0.004543756,0.003176935,0.04617638,-0.140921078,0.009235276,0.000239194,0.006224576,0.004903932,0.000861651,0.002281113,0.798712853,0.036941104,0,4,"Sorge dich nicht - lebe! - Die Kunst, zu einem von Ängsten und Aufregungen befreiten Leben zu finden, Kapitel 49"
37888,0.423722456,0.003240904,0.003137837,0.005725979,-0.036966921,0.005725979,0.000331534,0.000459224,0,0.000629858,0.001122292,0.904698976,0.022903917,3,0,Friendly Persuasion
46827,0.412352025,0.005445891,0.004848691,0.007109518,-0.035689779,0.007109518,0.000297889,8.03E-05,1.14E-06,0.00073939,0.005922228,0.909776539,0.028438071,1,2,Keep On Truckin'
73505,0.432767555,0.005002793,0.006283785,0.008655351,-0.02883963,0.008655351,0.000232829,0.000195611,0,0.002440809,0.006283785,0.900234412,0.034621404,3,0,Year 3000
19091,0.474382863,0.004199684,0.006236739,0.027904874,-0.027730469,0.006976219,0.000223239,1.07E-05,0,0.003020703,0.004485709,0.878919825,0.027904874,3,0,Capítulo 13.2 - la Casa de Bernarda Alba
64832,0.438176114,0.00527564,0.007387649,0.078871701,-0.040101878,0,0.000318116,3.96E-05,9.64E-05,0.000281309,0.005407093,0.89377411,0.035054089,7,1,Hand On the Pump
30952,0.391551317,0.00495463,0.006822029,0,-0.041805633,0.007529833,0.000266556,1.70E-05,1.60E-06,0.002213771,0.005368771,0.918624569,0.030119332,1,2,For Minors Only
11275,0.303899652,0.002441327,0.00408745,0,-0.0353334,0.005064994,0.00023147,0.000142326,0,0.000896504,0.002613537,0.951803581,0.020259977,4,3,Chapter 6.14 - Doktor Murek zredukowany
32113,0.312622915,0.002679625,0.00343327,0.033495312,-0.030754279,0.005582552,0.000146263,0.001016024,3.06E-08,0.000378497,0.002685208,0.948609576,0.016747656,4,3,Sabor a Mi
42844,0.351125839,0.005280657,0.004619714,0.034424102,-0.06881378,0.00688482,0.000218249,0.003800421,2.22E-07,0.001383849,0.00634092,0.932672846,0.027539281,1,2,I Threw It All Away
9267,0.51180204,0.007576348,0.004354512,0.058731382,-0.084816505,0.008390197,0.002575791,0.00023996,7.61E-06,0.002751985,0.005000558,0.852116835,0.033560789,2,0,Sadho Bipda Ki Raat
34055,0.542356884,0.005775625,0.007193365,0.019030066,-0.033588067,0.009515033,0.001722221,0.001313075,0,0.000706967,0.007564451,0.838255382,0.038060132,0,4,"How High The Moon - Live at the Deutschlandhalle, Berlin, 1960"
57148,0.359030343,0.00458761,0.003583655,0.00664871,-0.049606026,0.00664871,0.001070442,0.000622319,0,0.000990658,0.00226721,0.931557414,0.02659484,4,3,Kill Yr. Idols
18442,0.354843915,0.004438556,0.004703185,0.06615734,-0.037980328,0,0.001016417,0.000860045,3.85E-08,0.001058517,0.003933355,0.931465277,0.024057215,1,2,Do Aise Vardaan Prabhu
16316,0.601199069,0.005624778,0.008172231,0,-0.038711106,0.010189815,0.000626674,0.00219081,0,0.002802199,0.007907296,0.79694541,0.040759259,0,4,"Piano Concerto in A Minor, Op. 54: III. Allegro vivace"
32857,0.514798801,0.005500993,0.007067452,0.058834149,-0.047935123,0,0.000643499,3.77E-05,0,0.001286997,0.006295254,0.853367263,0.029417074,2,0,Good Rockin' Tonight
49658,0.479048264,0.006881566,0.004372266,0.007603941,-0.065698048,0.007603941,0.000669907,0.000509464,1.69E-07,0.000457757,0.002775438,0.874688902,0.030415763,3,0,Bad Moon Rising
45498,0.535491242,0.005949903,0.005622658,0.052061648,-0.032724465,0,0.000272952,0.005109479,1.53E-08,0.000825549,0.003391445,0.841940979,0.022312135,2,0,Starman - 2012 Remaster
1657,0.421181428,0.006039583,0.00592038,0,-0.067619486,0.007946819,0.000344892,0.002876749,0,0.001239704,0.007319021,0.903783824,0.031787278,3,0,Глава 8. Часть 2.8 - Кюхля
71541,0.568632447,0.007094783,0.007383474,0.069985532,-0.038448302,0.008748191,0.000785588,0.002711939,0,0.006394928,0.007777142,0.817780941,0.034992766,0,4,El Matador
71455,0.429350053,0.006968682,0.005094404,0.09082405,-0.105256817,0,0.000957781,4.14E-05,0,0.000460726,0.00131282,0.891718777,0.033026927,7,1,One Week
15604,0.473612094,0.005561354,0.004011351,0.043055645,-0.060112856,0,0.000631483,0.000775002,0,0.000678126,0.005769456,0.877108071,0.028703763,7,1,The Little Drummer Boy (with Thomas J. Aufrance)
51896,0.311813132,0.002860286,0.004773139,0.041974845,-0.029382391,0,0.000386169,0.003142117,2.55E-06,0.000629623,0.002086749,0.948433609,0.023985626,4,3,Run for Home
24151,0.698758004,0.006492258,0.007394452,0.08845038,-0.042482718,0,0.00065011,0.000150366,1.45E-07,0.001583262,0.005510459,0.707620732,0.035380152,5,3,Se agapo giati eisai oraia
47654,0.628284219,0.008204117,0.006155364,0.018211137,-0.064039463,0.009105568,0.002285498,0.00058822,0,0.000785811,0.004115717,0.774137214,0.036422274,0,4,Keep On Smilin'
63228,0.286448565,0.001593696,0.001442659,0,-0.04744109,0.005208156,0.000155203,0.001083296,0,0.000567689,0.000942676,0.956675708,0.020832623,4,3,Forever Free
67500,0.466102732,0.007246578,0.00526784,0.008794391,-0.084171118,0,0.002400869,0.0064287,2.47E-08,0.000976177,0.005795504,0.879878837,0.035177565,3,0,No Me Queda Más
20121,0.581851886,0.006451711,0.005399243,0.059896518,-0.040652622,0,0.00262689,0.004723268,0,0.004278323,0.003696471,0.80926185,0.034226582,0,4,Unki Yaad Bhoola Doon Kaise
6478,0.419933519,0.003717444,0.003373236,0.068841561,-0.069881068,0.006884156,0.000185872,0.002850041,6.17E-06,0.00097755,0.002313076,0.90176937,0.027536624,7,1,J'ai Deux Amours
31609,0.538795443,0.006127478,0.005525294,0.073952316,-0.074903131,0.010564617,0.000426811,0.003972296,0,0.002398168,0.00386665,0.834636399,0.042258466,2,0,Yellow Bird
14185,0.422000993,0.004562388,0.0046022,0.079622829,-0.044174745,0.007962283,0.000289827,0.006744054,4.04E-07,0.000844002,0.005716919,0.901346347,0.031849132,7,1,Bésame mucho
9155,0.512944159,0.003569236,0.002692957,0.028496898,-0.066753983,0.007124224,0.000206603,0.005236305,0,0.000847783,0.001268112,0.854814316,0.028496898,2,0,Πολιτισμένος μάγκας
67660,0.378447578,0.005731761,0.003605573,0.05504692,-0.053030827,0.006880865,0.001486267,0.001155985,8.33E-09,0.002332613,0.003722548,0.921987752,0.02752346,1,2,Backwater
60565,0.402266187,0.004872734,0.007058633,0.083489209,-0.030784748,0,0.000804532,0.001730504,0,0.00317259,0.00424277,0.910624389,0.030359712,7,1,Leave Me Alone - 2012 Remaster
56759,0.286917189,0.003009818,0.00448941,0,-0.043420135,0.005625827,0.00018734,0.000317297,0,0.001322069,0.001704626,0.956671922,0.022503309,4,3,Diego libre dans sa tête - Remasterisé en 2002
51573,0.543710921,0.005855348,0.004684279,0.016729567,-0.05155216,0.008364783,0.000613139,0.000752831,0,0.000928491,0.002743649,0.836771108,0.033459134,0,4,Óleo de Mujer Con Sombrero
37386,0.462981459,0.006094771,0.006668315,0.027640684,-0.00565252,0.006910171,0.000898322,9.40E-05,0.002681146,0.001423495,0.00524482,0.885393303,0.027640684,3,0,Cry Me A River
2529,0.499874227,0.005482227,0.004261223,0.065557276,-0.083061068,0.008194659,0.000282716,0.002007692,4.38E-05,0.001032527,0.005195414,0.858898646,0.032778638,2,0,Ay Zamba - Remasterizado
72407,0.332455307,0.002822734,0.003092462,0.031363708,-0.032775075,0,0.000186928,0.001160457,0,0.002352278,0.002628279,0.941676521,0.025090967,4,3,Peephole
8778,0.40706161,0.002435228,0.001635388,0,-0.112798914,0.007141432,0.000245665,0.006041651,2.01E-08,0.000721285,0.000935528,0.9059049,0.028565727,3,0,"Das Orgel-Büchlein: O Mensch bewein dein' Sünde gross, BWV 622"
37527,0.297405552,0.00220529,0.004982946,0.039279979,-0.036154415,0.005611426,0.0005892,0.000566754,0,0.000639703,0.000639703,0.952960336,0.022445702,4,3,Fly Me To The Moon (In Other Words)
1279,0.506201884,0.004056276,0.00410956,0.05994496,-0.047229968,0.006660551,0.000204479,0.000662059,2.69E-05,0.000785945,0.003616679,0.85856502,0.026642204,2,0,Глава 2. Часть 2.7 - Кюхля
75622,0.445390592,0.0051888,0.005649037,0.074231765,-0.032194317,0.007423177,0.000339239,0.00034592,0,0.00079428,0.003288467,0.891107803,0.029692706,7,1,Communication - Radio Edit
50110,0.308831562,0.003441266,0.003044197,0.060663342,-0.029223187,0.005514849,0.000998188,0.002167336,0,0.001775781,0.002625068,0.94843827,0.022059397,4,3,Song Within A Song
12091,0.406273163,0.003938784,0.003360361,0.027543943,-0.07009245,0.006885986,0.000853862,0.004599839,0,0.000757458,0.004420803,0.909927936,0.034429929,1,2,Mannet Shababy
52406,0.365713987,0.005084831,0.005527908,0.042197768,-0.045418864,0,0.000334769,9.21E-05,0,0.001132307,0.003523514,0.928196166,0.028131845,1,2,Days - Remastered
37022,0.368811641,0.003238469,0.003678012,0,-0.013721814,0.005052214,0.000481476,0.001000338,0,0.000424386,0.003864944,0.929147672,0.020208857,4,3,After Loving You
13228,0.495475602,0.005983102,0.005160425,0.028045789,-0.068599999,0.009348596,0.0002655,0.003889016,0,0.000735735,0.004356446,0.864539486,0.037394385,2,0,Jhun Jhun Baje Jhunjhuna
12917,0.48667539,0.00443782,0.007027923,0,-0.046852817,0.008248735,0.000264784,0.00058566,3.26E-08,0.004965739,0.004924495,0.87159438,0.032994942,3,0,"Sonate pour violon et piano No. 32 in B-Flat Major, K. 454: II. Andante"
10357,0.445828622,0.007472088,0.008212163,0,-0.067658952,0.008916572,0.000773958,0.002844387,2.92E-08,0.003557712,0.007909,0.891683994,0.03566629,3,0,O Kosmos Plouti Lahtari
75417,0.323360142,0.003687549,0.002636629,0.031092321,-0.04806251,0.006218464,0.000220755,0.001436465,0,0.000408553,0.002101841,0.944180521,0.024873857,4,3,"""Welcome to the Past (from """"Making Time"""") - Remix 2021"""
26240,0.47763822,0.007380862,0.00437084,0.054072251,-0.05812767,0,0.00068131,0.000158612,0,0.005929924,0.003478648,0.874150039,0.036048168,7,1,Craobh Nan Ubhal
61671,0.437931206,0.00391484,0.005129103,0.059717892,-0.039367361,0,0.000228255,0.004034275,0,0.0014465,0.00423997,0.895721928,0.026541285,3,0,Fogo E Paixão
33067,0.408715751,0.005209504,0.003821168,0.071363068,-0.038205191,0.006487552,0.000618912,0.002867498,7.46E-09,0.004113108,0.003646004,0.908627015,0.025950206,7,1,Payaso (with Javier Solís)
73784,0.386659784,0.004273257,0.004419921,0.046665836,-0.03968596,0,0.000235996,7.53E-05,1.79E-06,0.000839985,0.003806599,0.919770295,0.026666192,1,2,Better Man
55043,0.401036938,0.003672654,0.005748196,0.014071471,-0.043424561,0,0.000324347,3.19E-05,0.0045873,0.002765044,0.003855583,0.914441611,0.028142943,1,2,"Do Me, Baby"
31501,0.566824299,0.004720101,0.007832481,0.103058964,-0.059485634,0.010305896,0.000665761,0.000916194,0,0.001004825,0.006688527,0.814011223,0.041223585,0,4,Come Fly With Me - Remastered
50262,0.420663793,0.005047966,0.007254466,0.023811158,-0.03145454,0.007937053,0.000474636,0.001682655,0,0.003039891,0.004762232,0.90570502,0.031748211,3,0,Čardáš dvoch sŕdc
27002,0.586342084,0.006104383,0.005236918,0.0481925,-0.058802882,0.008032083,0.001863443,0.000279517,0,0.00246585,0.006096351,0.805738441,0.032128333,0,4,"String Quintet in C Major, D. 956: II. Adagio"
49152,0.452415933,0.007334358,0.003436621,0.060902145,-0.055003337,0,0.000300161,0.007212554,7.41E-07,0.002235979,0.006446927,0.887248547,0.034801226,7,1,"Stir It Up - Live At The Lyceum, London/July 18,1975"
31851,0.388984041,0.004222245,0.005933775,0.04950706,-0.027907837,0,0.002751178,7.43E-06,8.20E-09,0.004363694,0.002913844,0.919006622,0.028289748,1,2,On The Road To Mandalay - Remastered
51039,0.278497163,0.002926951,0.003915342,0,-0.023186254,0,0.001692826,0.004559708,0.000131057,0.000688052,0.002053234,0.959881428,0.021842915,4,3,Petit Sékou
16031,0.379484056,0.001950126,0.004522185,0.057976731,-0.025746939,0,0.000287248,4.30E-05,1.12E-07,0.00120697,0.002445564,0.922762917,0.021082448,1,2,Polly Wolly Doodle All the Day
32172,0.427994204,0.004643737,0.006405647,0.078465604,-0.035252456,0.007133237,0.00027891,0.001084252,0,0.000784656,0.004272809,0.899151623,0.028532947,7,1,Falsaria
33485,0.328936983,0.001894677,0.004473543,0.065787397,-0.037571182,0.00657874,0.000316437,2.26E-07,0.005762976,0.001763102,0.000980232,0.940884767,0.026314959,1,2,Lawdy Miss Clawdy
22887,0.524137912,0.005218255,0.005703854,0.015415821,-0.05031724,0.00770791,0.000187302,0.001865314,0.000112535,0.000809331,0.005233671,0.849357779,0.030831642,0,4,"3 Morceaux en forme de poire, IES 38: 3. Morceau I"
62847,0.469433908,0.006694128,0.006562686,0.018777356,-0.02705817,0.009388678,0.00033142,0.004234294,0,0.000675985,0.008759637,0.881399717,0.037554713,3,0,Ódiame
36335,0.539121002,0.004995855,0.005687727,0.0179707,-0.066320869,0,0.002426045,0.003989495,0,0.00066851,0.004043408,0.838593734,0.0359414,0,4,Happy Blues For John Glenn
51552,0.425364951,0.005065115,0.003461816,0.032720381,-0.029310917,0,0.000348145,0.000441071,0,0.000532688,0.001485505,0.903553684,0.026176305,3,0,Hot Blooded
59274,0.513784956,0.007755245,0.007726162,0.048470279,-0.06498895,0,0.001483191,0.000135717,0,0.00251076,0.006844003,0.853096297,0.038776223,2,0,Paisley Park
39073,0.427711481,0.002985594,0.001719232,0.075478497,-0.063879968,0,0.00025495,0.006340194,0,0.000768203,0.00148441,0.89783349,0.033545998,7,1,Tere Mere Sapne Ab Ek Rang Hain
48973,0.414122623,0.005227321,0.006438435,0.039068172,-0.031160774,0.007813634,0.000348488,0.002211259,0,0.002594127,0.006430621,0.908209979,0.031254538,7,1,Meeting Across the River
110,0.405398863,0.002329326,0.002349939,0.04809817,-0.052193386,0,0.000215068,0.006610063,0.002191902,0.001113129,0.002700369,0.911109894,0.020613501,7,1,Capítulo 1.3 - Banquero Anarquista
39858,0.522734884,0.004403036,0.000203062,0.110578533,-0.254803098,0.010052594,0.000510672,0.009841489,0.009117703,0.001236469,0.004624193,0.80477046,0.040210376,6,1,Margie
53145,0.466096287,0.003278211,0.003107309,0.015536543,-0.07343347,0,0.000460658,0.006012642,0,0.001009875,0.003060699,0.880650094,0.038841357,3,0,First Time
12335,0.507759032,0.007146238,0.005500723,0.028208835,-0.068707319,0.009402945,0.001513874,9.59E-05,4.48E-06,0.002896107,0.00427834,0.857351125,0.03761178,2,0,Everybody's Laughing (with Teddy Wilson & His Orchestra)
16317,0.495028564,0.00746738,0.004027351,0.058732203,-0.058010635,0.008390315,0.000864202,0.000599907,0,0.000922935,0.005478875,0.864194019,0.033561259,2,0,Agata
33577,0.453236253,0.005248476,0.00725178,0.045323625,-0.043401904,0.009064725,0.000241122,0.00023115,1.83E-06,0.001377838,0.002556252,0.888343057,0.0362589,3,0,Tell Laura I Love Her
22560,0.539510689,0.005738432,0.006397055,0.028026529,-0.021433288,0,0.000299183,0.00065512,2.61E-07,0.001128068,0.003755555,0.840718806,0.028026529,2,0,Come Rain Or Come Shine
72379,0.524873272,0.00690801,0.006086837,0.050794188,-0.05980169,0.008465698,0.000914295,0.002717489,0,0.001176732,0.005375718,0.846764505,0.033862792,2,0,El Celular
68664,0.570221565,0.006754932,0.006965476,0.078953755,-0.043170159,0.008772639,0.001605393,0.000267566,0,0.00096499,0.003175695,0.815680017,0.035090558,0,4,The Promise
28166,0.420201431,0.004850122,0.006153458,0.014244116,-0.055829814,0.007122058,0.000247135,3.59E-05,0,0.001509876,0.006630636,0.905064028,0.028488233,1,2,Invitation to the Blues - Single Version
22958,0.491679674,0.00391876,0.003177572,0.036692513,-0.092670611,0.007338503,0.000261985,8.51E-05,0.0003317,0.000489478,0.001724548,0.864725116,0.022015508,2,0,Wolverlin Blues (Live)
52337,0.457390445,0.004426609,0.004535143,0.069771424,-0.065057977,0,0.000382968,0.001852819,1.24E-06,0.001031067,0.002255943,0.883562054,0.031009522,7,1,The Eagle Will Rise Again
65649,0.514709038,0.005919154,0.006141011,0.044371469,-0.07419797,0.008874294,0.000252917,0.001304521,3.33E-07,0.003097129,0.007507653,0.852127436,0.035497175,2,0,Pídeme la Luna
13080,0.503864287,0.005166899,0.007640415,0.018322338,-0.063926636,0.009161169,0.000351789,1.18E-05,0,0.008116796,0.004892064,0.860288723,0.036644675,2,0,Cow Cow Yicky Yea / Out on the Western Plain
5617,0.291321105,0.003655794,0.002736134,0.03998525,-0.065975662,0.005712179,0.002667587,0.005032429,9.77E-07,0.000555795,0.004512621,0.953179808,0.022848714,4,3,Keepin' Out of Mischief Now
13945,0.379157506,0.003893135,0.003107737,0.01354134,-0.074680487,0.00677067,0.000312805,0.003913447,1.79E-08,0.001469235,0.006533696,0.921745439,0.027082679,1,2,And Mimi
18,0.494952643,0.00183973,0.000509895,0.009338729,-0.209290258,0.009338729,0.00032312,0.008871793,0.002577489,0.001419487,0.000933873,0.84188643,0.046693646,6,1,Ca C'est Une Chose
61021,0.3949463,0.004449728,0.00423909,0.059241945,-0.035992773,0.006582438,0.00037849,0.00234993,0,0.00556216,0.00426542,0.915419699,0.032912192,1,2,Ska vi gå hem till dig
22491,0.540148935,0.005708959,0.006589817,0.041549918,-0.029724811,0.008309984,0.000276722,0.002509615,2.88E-08,0.000830998,0.005592619,0.839250176,0.033239934,2,0,Smoky Mokes
21040,0.388705348,0.002961321,0.002853916,0.010229088,-0.035730205,0.005114544,0.000457752,0.000103314,6.44E-09,0.001084283,0.002587959,0.920357087,0.020458176,1,2,"Maran Shiyare Daladali Kare, Pt. 1"
22612,0.468071766,0.005680114,0.001790058,0.037951765,-0.078022503,0,0.002251805,0.002017769,2.42E-06,0.000695782,0.002966563,0.879026126,0.025301177,3,0,Sweet Leilani
54503,0.550214122,0.007177058,0.006189909,0.016182768,-0.042131837,0.008091384,0.000541314,7.40E-05,7.06E-06,0.000733889,0.003689671,0.833072729,0.032365537,0,4,Heart Of Glass - Special Mix
45976,0.426301196,0.005336963,0.004082654,0,-0.07270075,0,0.0002607,0.003197259,0,0.001172328,0.003467796,0.90102037,0.0327924,3,0,Celluloid Heroes
11420,0.332623056,0.00411621,0.005007165,0.041577882,-0.032448567,0.005939697,0.001502743,0.000694945,0,0.002037316,0.0031421,0.941234154,0.02375879,4,3,Protection
68258,0.512444382,0.007929403,0.004899688,0.035961009,-0.074088669,0,0.002256553,0.001087821,5.36E-07,0.001159743,0.007030377,0.853921136,0.035961009,2,0,winter fall
24802,0.524300904,0.004340415,0.004692161,0.039820322,-0.037570474,0.00663672,0.000440678,3.71E-05,0,0.000579386,0.002973251,0.849301097,0.026546881,2,0,"Feuillet d'album in E-Flat Major, Op. 45, No. 1: Andante piacevole - Remastered"
55743,0.393507934,0.005829747,0.004058961,0.007287184,-0.047439568,0.007287184,0.002084135,0.004416033,0,0.000308977,0.003264658,0.917529334,0.029148736,1,2,Die Mauer
51948,0.271735211,0.003026384,0.002482914,0.053281414,-0.04400512,0.005328141,0.000488591,7.03E-05,9.80E-06,0.000390553,0.002514883,0.959624904,0.021312566,4,3,Al Alba
65097,0.517583337,0.005427631,0.004630273,0.020983108,-0.053059286,0,0.001629688,0.003832914,3.57E-08,0.000818341,0.003497185,0.853222143,0.027977478,0,4,Wonderland - 2008 Remaster
39316,0.333879603,0.004296338,0.004510524,0.050396921,-0.022162046,0.006299615,0.000238755,0.003496286,2.19E-07,0.002211165,0.004371933,0.940608138,0.025198461,4,3,I'm So Young - Remastered
25433,0.379780681,0.005346143,0.005587158,0.036517373,-0.063905403,0.007303475,0.00020961,0.000368825,0.000582817,0.001234287,0.006397844,0.921596251,0.029213899,1,2,"Hermit Songs, Op. 29: No. 7, Promiscuity"
63814,0.468699699,0.005428395,0.005181262,0.059652689,-0.065319694,0.008521813,0.000282072,0.001533926,0,0.001900364,0.003332029,0.878172799,0.034087251,7,1,Halo
70008,0.429800592,0.003713195,0.005953795,0.007045911,-0.026217836,0,0.000852555,0.000236038,8.95E-07,0.001014611,0.003903435,0.902038707,0.028183645,3,0,Timoneiro
4593,0.412493086,0.005899429,0.005572548,0,-0.067002886,0.007782888,0.000681003,0.002755143,0,0.000980644,0.006973468,0.907858369,0.031131554,1,2,Harramt Aqoul Bethebeny
17650,0.423556093,0.004550019,0.005718007,0,-0.023667801,0.006417517,0.000338845,9.24E-06,0,0.000218196,0.00568592,0.905126535,0.025670066,3,0,"Barber_ Vanessa, Op. 32 - Act 4_ Quintet_ To Leave, To Break"
28556,0.55605045,0.007474601,0.008084118,0,-0.038677586,0.010693278,0.000312244,0.006041702,3.09E-08,0.001133487,0.007913026,0.828942901,0.042773112,0,4,I Could Write A Book
66040,0.381451477,0.004678178,0.006203984,0.064774779,-0.037051174,0.007197198,0.000408081,0.000166255,0,0.000523956,0.003893684,0.920852654,0.028788791,1,2,One Jump Ahead (Reprise)
10183,0.508620261,0.006017074,0.007264633,0.105562696,-0.080266035,0,0.000276382,0.002331976,1.08E-06,0.001353122,0.006343358,0.849770104,0.038386435,2,0,"Haydn: String Quartet No. 33 in D Major, Op. 33 No. 6, Hob. III, 42: I. Vivace assai"
19438,0.433754134,0.005175136,0.002557654,0.014957039,-0.07269121,0.00747852,0.000211642,0.005586454,0,0.001166649,0.002916623,0.897616788,0.022435559,3,0,Kondenu Ninna
37799,0.373420902,0.002969585,0.003206678,0.035563895,-0.052184089,0.005927316,0.000219903,0.004226176,2.61E-07,0.000705351,0.001902668,0.925165104,0.023709264,1,2,"Gone, Gone, Gone - Remastered Version"
40810,0.427626084,0.005199033,0.005206535,0.03751106,-0.063281158,0.007502212,0.00033985,0.001432922,6.79E-06,0.003668582,0.004156225,0.900377973,0.030008848,3,0,Fuga A Cavallo
7203,0.54076242,0.005590314,0.003478418,0.051153202,-0.098557605,0.0073076,0.00024042,0.000368303,2.02E-08,0.001205754,0.007051834,0.833212583,0.029230401,0,4,Chapter 1.13 - Dziewczynka z Luna Parku: Część 1
8502,0.293329715,0.001771481,0.005682544,0.011503126,-0.038230639,0.005751563,0.001564425,3.54E-05,7.19E-06,0.005636532,0.001173319,0.954845737,0.023006252,4,3,Yo (Me) - Remasterizado
30502,0.424455288,0.003785306,0.004877757,0,-0.036802361,0.006958283,0.000234494,4.29E-06,0,0.000677041,0.002045735,0.904221972,0.027833134,3,0,"Hallelujah, I Love Her So"
42702,0.369541607,0.004657499,0.004026729,0.025485628,-0.090728836,0.006371407,0.000396939,0.000930225,7.96E-05,0.000515447,0.002077079,0.924026046,0.025485628,1,2,Daydream
36507,0.376915116,0.003413571,0.004522981,0.03555803,-0.036141182,0.007111606,0.000280197,0.004643879,0,0.000699782,0.003171776,0.924359432,0.028446424,1,2,(Love Is Like A) Heat Wave
52338,0.563144165,0.003706513,0.007556371,0.071672894,-0.086120101,0,0.000474065,9.78E-05,2.11E-07,0.001750866,0.001443697,0.818617075,0.010238985,0,4,Aunque Te Enamores
46224,0.409090875,0.003655425,0.006116568,0.046187679,-0.024024192,0.00659824,0.000249413,0.000290323,2.19E-08,0.000578006,0.005344574,0.910557109,0.02639296,7,1,Une nuit sur son épaule - Remasterisé en 2008
23137,0.441901003,0.003709643,0.004622517,0,-0.049132414,0.005814487,0.001755975,2.52E-05,8.08E-06,0.000889616,0.001802491,0.895372836,0.023257948,3,0,The Big Head
75324,0.42002725,0.005124332,0.003642782,0.08400545,-0.049456299,0.007636859,0.000225287,0.000931697,0,0.001932125,0.002161231,0.901683952,0.030547436,7,1,Dead Leaves and the Dirty Ground
18133,0.413168923,0.003405514,0.002397632,0.018780406,-0.063496551,0,0.000209089,0.004194291,1.28E-05,0.000782517,0.00229747,0.907876106,0.025040541,1,2,Misle Khyal Aaye The
43493,0.488100011,0.006598737,0.003998665,0.103251925,-0.100210687,0.009386539,0.000282535,0.003979892,8.32E-08,0.001041906,0.001745896,0.859928968,0.037546155,2,0,Immigrant Song - Remaster
64411,0.423095222,0.005739726,0.004733877,0,-0.073498825,0.007982929,0.000405533,0.000783125,4.39E-07,0.00092602,0.003185189,0.90246211,0.031931715,3,0,Y Si Amanece por Fin
44788,0.407307536,0.006285177,0.004852578,0.007022544,-0.008525368,0.007022544,0.000452954,0.00124299,1.38E-06,0.000495792,0.005491629,0.912712986,0.028090175,1,2,Love Is Strange - Remastered 2018
59824,0.58492197,0.005598539,0.004716514,0.018568951,-0.087617597,0.009284476,0.002014731,0.00105843,0,0.001299827,0.002794627,0.805177587,0.037137903,0,4,"""Playing with the Boys - From """"Top Gun"""" Original Soundtrack"""
45897,0.516005799,0.007808239,0.005325569,0.087623626,-0.117659058,0.009735958,0.001275411,0.000303762,1.30E-08,0.003173922,0.004790092,0.84290034,0.038943834,2,0,Dedicada a ela
31155,0.49023234,0.007547728,0.004412091,0.055498001,-0.113474912,0.009249667,0.000918492,0.001738937,0,0.000866694,0.007316486,0.861467717,0.036998667,2,0,"Partita No. 4 in D Major, BWV 828: VII. Gigue"
11661,0.486258846,0.007378043,0.004198658,0.102862448,-0.122219291,0,0.003693697,0.000583511,0,0.001224998,0.002814691,0.85821881,0.037404527,2,0,Bolo Aali
34276,0.432391786,0.005103641,0.006556761,0.02835356,-0.029523144,0,0.000362217,0.00019564,1.69E-06,0.000992375,0.005536033,0.900253875,0.02835356,3,0,I Love You - Remastered
14774,0.524200412,0.005819513,0.00555297,0.079962775,-0.067897281,0,0.000228338,0.000143045,1.69E-08,0.001465984,0.004682265,0.844309169,0.035539011,2,0,Moy eipane ta gioylia
40476,0.370719879,0.00547924,0.005560798,0.044486385,-0.035425992,0,0.000251348,0.000101577,7.07E-08,0.001171475,0.003195605,0.926488293,0.02965759,1,2,Go and Say Goodbye
72857,0.550081151,0.006653866,0.004665111,0.095206353,-0.048809124,0.010578484,0.001332889,0.000358611,0,0.002475365,0.008272374,0.826994118,0.042313935,2,0,It's Your Thing
56388,0.334983968,0.003931654,0.002650487,0,-0.057770042,0.005876912,0.000834521,0.001627905,0,0.000664091,0.001545628,0.940123692,0.023507647,4,3,Figurative Theater
56751,0.311805574,0.002860217,0.003705689,0.047970088,-0.039833162,0.005996261,0.000155303,0.000121724,0,0.000540263,0.001115305,0.947763023,0.023985044,4,3,Every Woman in the World
35007,0.445243741,0.007656446,0.006076268,0.078572425,-0.020044699,0,0.001204777,0.000263654,0,0.000417307,0.006521511,0.890967646,0.034921078,7,1,Malvado Proceder
29791,0.272108389,0.001822154,0.002798829,0.009718157,-0.027895969,0,0.00017687,0.001297374,1.64E-07,0.000490767,0.002444116,0.961606751,0.019436313,4,3,"Concerto for Orchestra, Sz. 116, BB 123: I. Introduzione - Andante non troppo - Allegro vivace"
65333,0.413787614,0.005550461,0.004123608,0.078476961,-0.046008902,0,0.000329603,0.000913186,7.78E-09,0.001491062,0.003695551,0.905331629,0.028537077,7,1,The Walk
70026,0.475274405,0.006435215,0.007005545,0.057032929,-0.066452867,0.009505488,0.000291818,0.003298404,0.001036098,0.0062356,0.005085436,0.874495401,0.038021952,7,1,On a Ragga Tip '97 - Original Mix
74648,0.478862699,0.00591802,0.001499834,0.081316307,-0.105873832,0,0.000318941,0.008465931,0,0.001328166,0.004815732,0.866849907,0.036140581,2,0,Como Fui A Enamorarme De Ti
19186,0.404093238,0.003112781,0.004059874,0,-0.032769436,0.006313957,0.000188787,0.003232746,1.53E-07,0.001319617,0.001894187,0.913736892,0.025255827,1,2,"Mazurka, Op.63, No. 3 in C-Sharp Minor"
36445,0.305076284,0.002745687,0.004063616,0.012203051,-0.040520232,0,0.000253823,0.002428407,7.38E-08,0.002702976,0.004295474,0.951044809,0.024406103,4,3,Lost Lullaby
32783,0.600867069,0.00684466,0.006653079,0.095790402,-0.025558621,0.008708218,0.000694916,0.001062403,0,0.000888238,0.007950603,0.792265002,0.034832874,0,4,Someone To Watch Over Me
53356,0.391490304,0.00431378,0.002348942,0.029546438,-0.076776419,0.00738661,0.000254099,0.005237106,6.46E-07,0.0008273,0.001403456,0.915961738,0.029546438,1,2,002 - und der Phantomsee - Teil 37
42995,0.402585233,0.005311028,0.004234887,0.015484047,-0.050021215,0.007742024,0.000233035,0.002655514,0,0.000730847,0.001308402,0.913295569,0.030968095,1,2,What Is and What Should Never Be - Remaster
61057,0.425045571,0.004111217,0.006309728,0.065955347,-0.037286756,0.007328372,0.000301929,5.76E-05,3.95E-08,0.00085742,0.001714839,0.901455701,0.029313488,7,1,Caroline - 2017 Remaster
34840,0.496922112,0.005889749,0.005523167,0.065170113,-0.042556084,0.008146264,0.001018283,0.000500181,0,0.00303041,0.005156585,0.863585461,0.032585057,2,0,Boys
52684,0.485094508,0.004099524,0.00671523,0.085604913,-0.078461659,0,0.000283447,0.000774249,0.00786614,0.003205428,0.005088737,0.865789069,0.038046628,7,1,Boat Drinks
54555,0.459165281,0.005590648,0.005826435,0.037229617,-0.017138034,0.006204936,0.001700153,0.000725978,0,0.000398977,0.004994974,0.886983223,0.024819745,3,0,Tempted
32944,0.603124497,0.006724388,0.005824202,0.081016723,-0.029112009,0.009001858,0.000663437,0.00101721,0,0.001008208,0.004302888,0.792055496,0.036007433,0,4,My Home Town
66393,0.452314661,0.005909751,0.006643835,0.037074972,-0.02727235,0.007414994,0.000379648,0.000258783,0,0.004708521,0.005079271,0.890073688,0.029659978,3,0,Is You Is Or Is You Ain't (My Baby)
34666,0.534165886,0.005903454,0.007045464,0.08288781,-0.061023848,0.009209757,0.000352734,8.98E-06,0,0.003564176,0.001749854,0.838170743,0.036839027,2,0,Presumida (High Class Baby)
16715,0.606264981,0.00440031,0.002874869,0.07822774,-0.092533637,0,0.000263041,0.008370368,8.22E-08,0.001232087,0.002288161,0.784937138,0.03911387,0,4,Scherzo (La Reine Mab)
70659,0.395269395,0.005667881,0.006571354,0.007058382,-0.017441262,0,0.000391034,0.000112228,2.17E-07,0.002244565,0.005336137,0.91787906,0.028233528,1,2,Luchini AKA This Is It
47978,0.411942332,0.005930549,0.005738783,0.042614724,-0.033083231,0,0.000338077,0.000581691,3.21E-06,0.001164802,0.001292647,0.909128317,0.028409816,7,1,Steel And Glass - Remastered 2010
30401,0.527089666,0.005420239,0.004717453,0.087848278,-0.047596197,0.008784828,0.000202051,0.002776006,0,0.0012738,0.004717453,0.843088705,0.035139311,2,0,Kelo
73035,0.327270746,0.003310469,0.005947516,0.031468341,-0.022896365,0.006293668,0.000956638,2.26E-05,0,0.002020267,0.002448237,0.94374184,0.025174673,4,3,The Force
16444,0.354420237,0.004601245,0.005962965,0.05596109,-0.022956483,0.006217899,0.001200054,0.000391106,0,0.000276075,0.005459315,0.932728359,0.024871596,1,2,Folk Songs of Brazil: Nigue-nigue-ninhas
61301,0.382680359,0.004343118,0.004622536,0,-0.0336455,0.006074291,0.000414874,0.003176854,0,0.004154815,0.00475617,0.922879242,0.024297166,1,2,Bewitched
25384,0.381811228,0.005048393,0.004701935,0.077776361,-0.05807066,0,0.001399975,3.44E-06,0.003811042,0.000514738,0.006257462,0.918637814,0.028282313,1,2,Madama Butterfly / Act 2: Già il sole!
66569,0.64976817,0.004612439,0.006479378,0.100668308,-0.053958213,0,0.000313902,1.02E-05,3.88E-06,0.007211512,0.004667349,0.750518844,0.036606657,5,3,Mojada
39010,0.439028718,0.006362065,0.002657279,0.069320324,-0.04635219,0,0.000286524,0.004629057,0,0.000931973,0.003912747,0.894016515,0.030809033,7,1,"Every Day I Have The Blues - Live At The Regal Theater, Chicago, 1964"
42369,0.570238185,0.005057765,0.004553641,0.008264322,-0.06584185,0,0.000303301,0.002140459,0,0.000571065,0.001991701,0.818093452,0.033057286,0,4,Giblet Gravy
25982,0.514046718,0.006075747,0.006061468,0.007139538,-0.024153056,0,0.000591154,0.00354835,1.46E-08,0.000828186,0.00602577,0.856844483,0.028558151,3,0,A Good Man
39130,0.374112964,0.004476674,0.004641537,0.031704488,-0.031178194,0,0.00024032,0.000748226,0,0.000824317,0.004324492,0.925935927,0.025363591,1,2,Bad Girl - Single Version
70225,0.485703957,0.004352288,0.004123722,0.09523607,-0.121359324,0,0.000497132,0.000711413,0.000399039,0.002542803,0.000536179,0.859534102,0.038094428,2,0,E-Bow The Letter
12054,0.53943682,0.006104627,0.006787913,0.080915523,-0.052559128,0,0.000298488,0.000264324,3.85E-05,0.000596078,0.006257467,0.835632587,0.035962455,2,0,La catrera
75358,0.457865997,0.003585177,0.00160685,0.069111849,-0.181263101,0,0.000967566,0.008016974,0.007507275,0.000907093,0.004310852,0.867120448,0.025916943,6,1,Promises
50683,0.38362897,0.005462877,0.004695619,0.053708056,-0.038025304,0.007672579,0.000276213,0.004680273,0,0.000736568,0.003713528,0.920548404,0.030690318,1,2,Huzurum Kalmadı
41993,0.582248223,0.005188092,0.007108642,0.078212448,-0.046206176,0,0.000410181,0.0002946,0,0.008499086,0.005978907,0.807056869,0.034761088,0,4,Light My Fire
58974,0.294516612,0.00407022,0.005548693,0.041232326,-0.017859487,0,0.000415857,0.003204341,1.58E-08,0.000736292,0.005613487,0.954251494,0.023561329,4,3,Love Theme from St. Elmo's Fire (For Just a Moment)
4489,0.409897796,0.004890984,0.004911826,0,-0.050924591,0.00694742,0.000223012,0.001820224,3.06E-08,0.000270949,0.0049813,0.910216267,0.027789681,1,2,Chapter 1.21 - Zamek kaniowski
44125,0.657653274,0.005590053,0.005590053,0.059786661,-0.060055701,0.009964444,0.000316869,0.003108906,1.19E-07,0.001683991,0.003348053,0.747353195,0.039857774,5,3,Archangels Thunderbird
57951,0.288571837,0.002237793,0.003669763,0.027223758,-0.025503217,0.005444752,0.000609812,0.001034503,0,0.001029058,0.00296739,0.956452297,0.021779007,4,3,You Can't Get What You Want (Till You Know What You Want)
20670,0.571830256,0.00698145,0.005334237,0.05974346,-0.055578487,0.00853478,0.000302985,0.000686196,0,0.001041243,0.008184854,0.81545555,0.03413912,0,4,La Luna de Texas
48077,0.416577716,0.005192344,0.002596172,0,-0.056379331,0.007438888,0.000261105,0.006204032,0,0.000598087,0.003317744,0.906785544,0.029755551,1,2,Phaedra - Remastered 2018
32223,0.365408089,0.003150783,0.004171168,0.048261446,-0.039760537,0.006894492,0.000297842,0.003226622,0,0.000710133,0.001192747,0.928288226,0.027577969,1,2,I Mean You
1102,0.647498284,0.004350094,0.003948828,0.100316636,-0.05903178,0,0.000225256,0.006283469,1.78E-06,0.001377074,0.005572133,0.752557161,0.027359082,5,3,Chapter 43 - The Unlit Lamp
43224,0.330157052,0.004031726,0.002374591,0.057142567,-0.064228245,0.006349174,0.000372697,0.005314259,0,0.000819043,0.002546019,0.939607923,0.025396696,1,2,Color Him Father
52088,0.359363451,0.002901527,0.00275512,0.013309757,-0.04528645,0,0.000185006,0.002176145,0.000300801,0.000791931,0.001716959,0.931609819,0.026619515,4,3,Aimer d'amour
19782,0.426254146,0.005053174,0.005830057,0.061875602,-0.046887956,0.006875067,0.000257128,0.000606381,0,0.000624944,0.005252551,0.900771261,0.027500267,7,1,"Intermezzi, Op. 117: Intermezzo No. 1 in E-Flat Major"
7291,0.541082672,0.003399803,0.007593193,0.09919849,-0.04616337,0,0.000443688,0.000225451,7.51E-07,0.002588179,0.003489983,0.832987756,0.036072178,2,0,They Can't Take That Away from Me - Alternate Take
55031,0.374105058,0.004577285,0.005244806,0.06601854,-0.035048509,0,0.000229598,2.00E-06,6.93E-05,0.000679257,0.003381616,0.92387078,0.029341573,1,2,Gloria - Remastered 2008
33641,0.298535738,0.001470967,0.004700581,0.027139613,-0.0221025,0,0.000313734,0.000265425,4.14E-06,0.000629639,0.000689346,0.953496008,0.02171169,4,3,Bye Bye Blackbird
57449,0.420077758,0.005342121,0.005334195,0,-0.080900635,0.007925995,0.00024095,0.00286921,0,0.001577273,0.005342121,0.903230587,0.031703982,3,0,Telegraph
65060,0.397407646,0.005788655,0.003936585,0.007498257,-0.062055579,0.007498257,0.002301965,0.001814578,0,0.000847303,0.00284184,0.914952374,0.02999303,1,2,Pehla Nasha
31499,0.554293014,0.006756641,0.001328392,0.066897433,-0.117548346,0.009556776,0.000484529,0.008696666,0,0.001003461,0.003086839,0.82062125,0.028670328,0,4,Jailhouse Rock
34753,0.3365583,0.002817963,0.003314244,0.02852189,-0.032281075,0,0.000225323,6.33E-05,0,0.001711313,0.00440378,0.940378117,0.022817512,4,3,Potatoe Mash
29366,0.495454168,0.004611535,0.008803839,0.085751683,-0.048773652,0.009527965,0.00094708,5.78E-05,0.000175315,0.002077096,0.005307076,0.862042613,0.038111859,2,0,"Who's Afraid (Not I, Not I, Not I)"
46664,0.440314935,0.005704668,0.002855572,0.071227416,-0.040651429,0,0.000418299,0.003108105,5.88E-08,0.000770551,0.005206077,0.893670962,0.025900879,7,1,Personality Crisis
32984,0.400122017,0.003206692,0.003806875,0.04572823,-0.02425311,0.005716029,0.000184056,0.000605899,0,0.000703072,0.003858319,0.914673215,0.022864115,7,1,Sombras (with Javier Solís)
47914,0.390096278,0.004482283,0.004902975,0.007648947,-0.063807513,0,0.000484943,0.000917874,0,0.001285023,0.003074877,0.917988329,0.030595787,1,2,I Can't Believe You Love Me
2622,0.346570029,0.005058589,0.003165784,0.059983274,-0.054658092,0,0.001806163,0.002392666,2.57E-08,0.000699805,0.004292137,0.93409287,0.026659233,1,2,Kapitel 54 - Der Page und die Herzogin
23581,0.6107911,0.005736797,0.006819212,0.05412073,-0.022127647,0.007731533,0.000904589,0.000360289,0,0.001592696,0.0035797,0.788925619,0.030926132,0,4,El Jinete
31354,0.303315786,0.003699263,0.004097737,0,-0.051212789,0,0.000413937,7.32E-05,0,0.001207316,0.004811421,0.951186409,0.023789473,4,3,"Keyboard Concerto No. 5 in F Minor, BWV 1056: III. Presto"
53701,0.388985364,0.003691825,0.004667824,0.007072461,-0.038233725,0,0.000236927,0.001761043,0,0.001357913,0.00175397,0.919964531,0.028289845,1,2,Pulling Mussels (From The Shell)
28941,0.52672037,0.004345443,0.004782067,0.069305312,-0.037397146,0,0.000963344,0.000228708,0,0.000514245,0.004345443,0.845892123,0.027722125,2,0,K.C. Blues
64250,0.375454329,0.006683087,0.006007269,0.067581779,-0.024719913,0.007509087,0.0003304,0.001907308,5.65E-06,0.000675818,0.00690836,0.92345245,0.030036346,1,2,Suci Dalam Debu
68139,0.412266644,0.005359466,0.003898451,0.07956023,-0.079032239,0,0.000230001,0.001482713,6.34E-07,0.000759439,0.00144655,0.903645088,0.028930993,7,1,Bull In The Heather
58508,0.338667207,0.003957758,0.006613971,0.033202667,-0.063290924,0,0.000770302,0.000140115,6.59E-08,0.002078487,0.001547244,0.937776137,0.026562134,1,2,One More Night - 2016 Remaster
54726,0.304810201,0.002981425,0.003500555,0.004762659,-0.033957761,0.004762659,0.000422924,9.67E-05,0,0.000771551,0.003633909,0.951574583,0.019050638,4,3,Take My Heart (You Can Have It If You Want It)
69400,0.545994964,0.006579239,0.005505449,0.063699413,-0.098178995,0.009099916,0.001355887,0.002056581,0,0.004158662,0.00113749,0.828665658,0.036399664,0,4,Outlaw
3541,0.412828674,0.003675507,0.00176451,0.06658527,-0.103087315,0.006658527,0.000221063,0.002763289,0,0.000712462,0.001411608,0.902070604,0.026634108,7,1,Traveling Riverside Blues
10888,0.495732792,0.006191983,0.003788147,0.093534489,-0.161131864,0.009353449,0.000249737,0.005920733,0,0.000877354,0.00859582,0.84728217,0.037413796,6,1,Chapter 12.12 - Drugie życie doktora Murka
58881,0.535347935,0.00500015,0.005278531,0.021413917,-0.154062429,0.010706959,0.000500015,0.004882373,0,0.001124231,0.007227197,0.828932742,0.042827835,0,4,You Dropped A Bomb On Me
11591,0.345637472,0.002080346,0.002015132,0.058693156,-0.077892339,0,0.000167602,0.005360642,1.47E-08,0.000582367,0.002210776,0.933058138,0.019564385,1,2,Leily We Nahary
52383,0.448610482,0.005271173,0.003580257,0.043135623,-0.081586718,0,0.000345948,0.004908834,1.40E-07,0.001923849,0.004123766,0.8882315,0.034508499,3,0,You Send Me
3566,0.446034228,0.002625021,0.00524273,0.014624073,-0.075379785,0.007312037,0.000296137,0.000109681,2.67E-05,0.002632333,0.003436657,0.891176388,0.029248146,3,0,Chapter 201.2 & Chapter 202.1 - Sprawy Sherlocka Holmesa
32682,0.530726025,0.006589848,0.007730909,0.097299771,-0.029145704,0.008845434,0.000333473,0.001583333,0,0.002733239,0.004705771,0.840563878,0.035381735,2,0,Four
21345,0.421891976,0.004548523,0.005649397,0.065920621,-0.037001245,0.006592062,0.000266979,0.000367178,0.000725127,0.000224789,0.002696153,0.90304659,0.026368248,7,1,"Violin Concerto No. 1 in A Minor, BWV 1041: II. Andante"
22114,0.595655331,0.006715402,0.00459389,0.048957972,-0.041573478,0.008159662,0.000361473,0.000325571,0,0.000694387,0.00556489,0.799899832,0.032638648,0,4,L'Oiseau de feu: Apparition des treize princesses enchantées - 1910 version
64851,0.413328103,0.00607118,0.003604763,0.054206964,-0.046231765,0.006775871,0.001741399,0.0029204,9.15E-08,0.001497467,0.004160385,0.907316169,0.027103482,7,1,Carrera A Muerte
20132,0.542311111,0.002815233,0.004298613,0,-0.063825233,0,0.000225697,0.002599903,1.12E-05,0.000768806,0.001403629,0.837121002,0.031900654,0,4,Habeby We Noor Enie
57517,0.38865466,0.003747218,0.001239295,0.051331748,-0.085716685,0.007333107,0.000236859,0.007017783,8.73E-09,0.000938638,0.001745279,0.915413721,0.029332427,1,2,How Soon Is Now? - 2011 Remaster
1259,0.306105997,0.003005961,0.000290801,0.061221199,-0.123354595,0.00612212,0.000277944,0.005216046,0.004763009,0.000814242,0.0006367,0.941435117,0.0306106,1,2,Don't Jive Me
10134,0.420492037,0.001487296,0.006455331,0.070082006,-0.026327474,0,0.000348074,2.12E-07,1.64E-07,0.002818854,0.001487296,0.903333698,0.038934448,7,1,Monaxia
40720,0.432403436,0.00481608,0.001945815,0.037276158,-0.099080029,0.007455232,0.000263915,0.002944817,0.000657551,0.000782799,0.000288517,0.894896187,0.029820927,3,0,My Special Prayer
17657,0.469320813,0.003733234,0.004110113,0.063998293,-0.032447134,0.007110921,0.000853311,9.39E-05,6.51E-05,0.00076798,0.003818565,0.879592534,0.028443686,7,1,Forår i Heidelberg/Gaudeamus Igitur
700,0.431663676,0.0055893,0.005083212,0.007442477,-0.042950536,0.007442477,0.000251556,0.001153584,5.84E-08,0.000454735,0.004696203,0.900413216,0.029769909,3,0,Chapter 146 - The Unlit Lamp
48267,0.439857056,0.006523304,0.004450757,0.059641635,-0.047922053,0,0.002311113,0.000849893,0,0.001230109,0.005166457,0.89425176,0.029820817,3,0,Just Like This Train
61200,0.517334078,0.006322972,0.007894135,0.086222346,-0.039250328,0.009580261,0.005077538,0.000422489,0,0.000532662,0.00733848,0.849012285,0.047901304,2,0,Dağlar Dağlar
30876,0.495374425,0.005109695,0.006118792,0.045868002,-0.043015013,0,0.000266952,0.004008863,0,0.001330172,0.001366866,0.865575072,0.036694402,2,0,I Didn't Know What Time It Was
27213,0.595778589,0.006442487,0.003988687,0.040391769,-0.114096649,0,0.001009794,0.00731091,0.005745729,0.000768453,0.00319095,0.792850028,0.040391769,0,4,Jee Chahta Hai Ab Toh Duniya Se
54432,0.446001935,0.005811748,0.005695102,0.048030978,-0.04029799,0,0.000233293,0.003286691,1.74E-08,0.000466587,0.006141104,0.892346948,0.027446273,3,0,Survival
67234,0.376809058,0.005076258,0.003696995,0.049767234,-0.039991527,0,0.000260922,0.001876936,1.88E-08,0.002445704,0.003846296,0.923615877,0.028438419,1,2,Tukka Yoot's Riddim
17033,0.64034617,0.007173608,0.007597621,0.07787994,-0.051495947,0.008653327,0.000873986,0.000829854,0,0.006714981,0.007640887,0.761414863,0.034613306,5,3,Idhar Aa Meri Taraf
31413,0.464304713,0.007986041,0.007419589,0.018572189,-0.05953315,0.009286094,0.002219377,0.002386526,3.79E-05,0.000902608,0.007549595,0.882541112,0.037144377,3,0,I Hear A Rhapsody
49386,0.375891531,0.0036809,0.003368839,0.07092293,-0.056958205,0.007092293,0.000737598,0.005028436,0,0.000707811,0.002588687,0.921693126,0.028369172,1,2,Sjakie van de Hoek
46690,0.428902972,0.002551609,0.003380337,0.014539084,-0.074970786,0.007269542,0.000265338,0.000349665,0.000136667,0.000662982,0.001628377,0.899605809,0.029078168,3,0,Tuesday's Gone
20162,0.500167389,0.003202564,0.007076995,0.037325925,-0.027300181,0,0.001694597,5.31E-05,0.000110485,0.000606173,0.004105852,0.864356434,0.022395555,2,0,Lay Kram Goes Dixie
53792,0.363539917,0.006063846,0.00700905,0,-0.027788991,0.007270798,0.001686825,0.001439618,0,0.001279661,0.004944143,0.930618562,0.029083193,4,3,I Want Candy
28256,0.569094509,0.007309921,0.006348347,0.039247897,-0.06336573,0.009811974,0.000433689,0.001246121,0,0.000495505,0.008055631,0.81778881,0.039247897,0,4,As Long As I Live
20862,0.46283192,0.005737647,0.006185785,0.073465384,-0.039186436,0,0.000296065,0.000749347,0,0.000482668,0.005216042,0.881981323,0.029386154,7,1,Symphony in Three Movements: II. Andante - Interlude - L'istesso tempo
69598,0.477832921,0.007008216,0.00684009,0.017697516,-0.055649838,0,0.002336072,0.003052821,0.002097156,0.001477743,0.006760451,0.875699618,0.035395031,3,0,I'll Never Break Your Heart
18685,0.414791338,0.004193281,0.003033162,0.012962229,-0.057493968,0.006481115,0.000170453,0.000535988,1.79E-05,0.000523026,0.001698052,0.907595852,0.025924459,1,2,My Rose of Old Kentucky
52511,0.271895636,0.003875846,0.002985521,0.021325148,-0.06507902,0,0.000762374,0.001764656,3.24E-07,0.000597104,0.004158404,0.959626324,0.021325148,4,3,The Rose
43556,0.412175805,0.002724552,0.003744512,0.041916184,-0.052646727,0,0.000268264,0.004142716,0,0.000803394,0.001481038,0.908163019,0.027944122,7,1,Long As I Can See The Light
1466,0.452373209,0.002849951,0.005790377,0.036189857,-0.083743329,0,0.000306709,0.002976616,0.003085185,0.000795272,0.005274672,0.886361972,0.036189857,3,0,Fireworks
59038,0.420931133,0.005977222,0.004293498,0.084186227,-0.049147919,0.008418623,0.000277815,0.005640477,1.21E-07,0.001439584,0.007930343,0.901087277,0.033674491,7,1,Tú Me Estás Volviendo Loco
56918,0.518798477,0.005765357,0.006618864,0.033470869,-0.031253424,0,0.000710419,0.000664397,0,0.000735522,0.002426638,0.852963271,0.033470869,2,0,Double Dutch
35561,0.516258566,0.004996333,0.004445074,0.096251597,-0.071033679,0,0.000222254,0.004655077,0.008321388,0.001408773,0.000892515,0.847232808,0.035000581,2,0,"Hang Me, Oh Hang Me"
55973,0.441304925,0.005736964,0.005736964,0.07787734,-0.058546453,0.008653038,0.000232767,0.002353626,1.90E-08,0.002587258,0.00643786,0.891271541,0.034612151,7,1,Inner City Blues
53652,0.46151436,0.004375156,0.008159574,0.009230287,-0.03599812,0.009230287,0.003442897,0.001181477,0,0.000912875,0.005768929,0.88546145,0.036921149,3,0,Panalangin
6679,0.446920867,0.003944936,0.008336793,0.068757057,-0.052942934,0.008594632,0.000501067,0.001357952,4.15E-05,0.004091045,0.002423686,0.889587392,0.034378528,7,1,Yama Amar El Foraa
69344,0.292116433,0.004398599,0.004645775,0.039323366,-0.030644137,0.005617624,0.001578552,0.00078085,0,0.000370763,0.003696396,0.954771326,0.022470495,4,3,Mar De Rosas (I Never Promised You A) (Rose Garden)
2091,0.451467987,0.003469175,0.003770154,0.047522946,-0.099465526,0,0.00028593,0.0035563,0.002019725,0.00071522,0.003437493,0.884853493,0.031681964,3,0,She's A Corn-Fed Indiana Girl
38493,0.516087435,0.005534593,0.008212909,0.044490296,-0.029550455,0.008898059,0.000461809,0.000386176,0,0.00151267,0.004796054,0.854009031,0.035592237,2,0,難忘記
13648,0.397604205,0.003407162,0.005982414,0,-0.024253857,0.006116988,0.000301567,2.40E-06,2.70E-08,0.001755575,0.003052377,0.916856946,0.024467951,1,2,Julie Ann Johnson
16173,0.530712521,0.006191646,0.003925588,0.05054405,-0.072867672,0,0.000721938,0.002013338,5.26E-08,0.000859249,0.005416637,0.842173378,0.033696033,2,0,Frida - Musical base Version
51070,0.518568116,0.005413537,0.006387816,0.086428019,-0.039945459,0,0.000784138,0.000761352,1.82E-06,0.00086428,0.005531393,0.84907672,0.031428371,2,0,Olmaz Olsun
8700,0.447833345,0.005719052,0.005410708,0.058732242,-0.058996537,0.00734153,0.000270168,0.004155306,2.05E-06,0.000756178,0.006923063,0.889646636,0.029366121,7,1,Rencor - Remasterizado
44696,0.341616911,0.001662536,0.004702926,0.017080846,-0.018310666,0.005693615,0.000355282,0.00154297,0,0.001360774,0.001189966,0.939195986,0.022774461,4,3,Rock and Roll - Remaster
53772,0.417830262,0.005095891,0.00375228,0.090120253,-0.065419111,0.00819275,0.000242505,0.006939259,1.14E-05,0.00098313,0.00435035,0.900981321,0.032771001,7,1,Born Country
55082,0.296294205,0.001841257,0.002682521,0.052909679,-0.045391214,0,0.000217459,0.001619036,3.22E-07,0.000814809,0.001566127,0.952305448,0.021163872,4,3,"Goldberg Variations, BWV 988: Variation 15 a 1 Clav. Canone alla Quinta. Andante"
23462,0.55223067,0.006113982,0.00557753,0.078890096,-0.042119422,0,0.001199129,0.003131937,0,0.006894994,0.006153427,0.828180336,0.031556038,2,0,Take Me As I Am (Or Let Me Go)
542,0.377657752,0.002221516,0.004543001,0,-0.062413497,0.00555379,0.000444303,0.002543636,1.80E-08,0.0007331,0.005198348,0.923523155,0.022215162,1,2,Chapter 11.3 - Król Maciuś Pierwszy
51240,0.459763732,0.005996633,0.002423612,0.013136107,-0.034804115,0.006568053,0.000788166,0.003126393,4.00E-05,0.002029528,0.002863671,0.886811991,0.026272213,3,0,Simmer Down
74854,0.428479155,0.006493107,0.003946952,0.074159854,-0.054161413,0.008239984,0.000281807,0.003864552,0,0.000840478,0.00519119,0.898174709,0.032959935,7,1,High on Life (Cardio + Running Workout Mix)
60840,0.392226876,0.006209025,0.004247891,0.014801014,-0.054941365,0.007400507,0.000570579,0.00204994,0.003552243,0.000762252,0.000253097,0.917559273,0.029602028,1,2,Could've Been
58252,0.622635289,0.007015024,0.005188627,0.010377255,-0.077995447,0,0.003414117,0.006309371,6.85E-08,0.001162253,0.003113176,0.777349781,0.041509019,0,4,Stay Hungry
50722,0.451114605,0.006300312,0.004717588,0.061168082,-0.079740241,0.00764601,0.003341306,0.000963397,0,0.000802831,0.006223852,0.886164942,0.030584041,7,1,Aida
34693,0.309891407,0.003248326,0.002783489,0.01106755,-0.070610971,0.005533775,0.000309891,0.00074706,2.46E-07,0.000985012,0.00442702,0.947786267,0.022135101,4,3,He Will Break Your Heart
29873,0.482535318,0.005923537,0.004725518,0.07487617,-0.06901087,0.008319574,0.000257907,0.001131462,3.03E-06,0.007995111,0.004342818,0.869179221,0.033278298,7,1,Every Day I Have the Blues
16032,0.475266966,0.005247739,0.003452286,0.00660093,-0.047295664,0.00660093,0.000279219,0.000402657,0,0.000603325,0.005643795,0.878082124,0.02640372,3,0,Limehouse Blues
2753,0.389301168,0.003305761,0.004632024,0.046188274,-0.05636949,0.006598325,0.000442748,0.000575374,6.56E-06,0.000442748,0.003827028,0.917794,0.0263933,1,2,Un P'tit Mouvement
73986,0.339708963,0.003947652,0.004293218,0.046856409,-0.053715016,0.005857051,0.003221378,0.00355523,0,0.000849272,0.004363503,0.937473741,0.023428204,1,2,Reach
59574,0.315833148,0.002726693,0.002273999,0.015791657,-0.026440498,0.005263886,0.00019529,0.002437179,0,0.000579027,0.004732233,0.948146902,0.015791657,4,3,Back In The High Life Again
37893,0.540133905,0.004898714,0.004966231,0.052513019,-0.046271471,0.00750186,0.001215301,3.49E-05,0,0.000469616,0.005056253,0.838047761,0.030007439,2,0,You Can't Lose What You Ain't Never Had
47840,0.348345203,0.002741606,0.003793092,0.012901674,-0.043356076,0.006450837,0.00018901,0.000347055,9.29E-06,0.000449623,0.002548081,0.935880994,0.025803348,4,3,Illuminations
9761,0.483353484,0.003918881,0.006231542,0.022308622,-0.044713915,0.007436207,0.00024019,0.000153186,4.61E-06,0.000520535,0.005361506,0.873412309,0.02974483,3,0,Julie Ann Johnson (250-B-2)
53135,0.398260045,0.00475257,0.00523712,0.006637667,-0.033878654,0,0.000228336,0.003597616,0,0.001300983,0.005867698,0.916183958,0.02655067,1,2,The Sweetest Pain
39047,0.567806622,0.007615289,0.004993358,0.050100584,-0.064446052,0,0.000732304,0.000599537,9.35E-09,0.000744829,0.004450602,0.818359644,0.03340039,0,4,Then I Kissed Her (Stereo)
61412,0.427009021,0.005736155,0.00663999,0.014233634,-0.008198573,0.007116817,0.000267592,0.002910778,0,0.006198748,0.006519004,0.903529739,0.028467268,3,0,Going Out Of My Head
381,0.363849262,0.003341349,0.004378319,0.030320772,-0.056075235,0,0.000320794,0.003462632,1.86E-06,0.003814353,0.004978671,0.928913229,0.024256617,1,2,Chapter 8.10 - Król Maciuś na wyspie bezludnej
27118,0.397494256,0.00304521,0.002142427,0.026948763,-0.047834055,0.006737191,0.000214243,0.005861356,2.02E-07,0.001866202,0.001354175,0.915510118,0.026948763,1,2,Lullaby Of The Leaves
7111,0.333216844,0.004351043,0.003697425,0.032040081,-0.089513579,0.006408016,0.000685658,0.004613772,3.84E-06,0.0016789,0.005196901,0.937627344,0.025632065,1,2,Les Gars De La Marine
29840,0.531099285,0.007696281,0.007127911,0,-0.056622638,0.009317531,0.004053126,0.001229914,0,0.000517123,0.007910584,0.844429229,0.037270125,0,4,Some Other Spring
55736,0.326626804,0.004879804,0.004180823,0.065325361,-0.059426481,0.006532536,0.000341652,0.000191403,2.65E-08,0.003292398,0.004657698,0.94059374,0.026130144,1,2,Is This Love?
48633,0.428704211,0.00407269,0.001936314,0,-0.080982225,0.00714507,0.00021721,0.005858958,2.34E-08,0.000771668,0.001950604,0.899292824,0.028580281,3,0,Bye Bye Baby
17739,0.367207616,0.002354792,0.003240753,0.023314769,-0.048547178,0.005828692,0.000190015,0.002092501,2.87E-08,0.000561886,0.001981755,0.928254223,0.023314769,1,2,"Sorge dich nicht - lebe! - Die Kunst, zu einem von Ängsten und Aufregungen befreiten Leben zu finden, Kapitel 17"
72342,0.483372871,0.006303182,0.00741494,0.009667457,-0.082946785,0.009667457,0.000258121,0.001769145,0,0.000555879,0.006602873,0.870428864,0.03866983,3,0,Mariage D'Amour
17798,0.37913844,0.003332749,0.005338514,0.061151361,-0.031755902,0,0.000504499,0.000160828,5.56E-07,0.000886695,0.004574122,0.922413249,0.024460545,1,2,Ae Chand Na Itrana
69931,0.406757166,0.005260266,0.004315762,0.055153514,-0.045101786,0.006894189,0.000214409,0.001544298,0,0.000779043,0.005336102,0.910267384,0.027576757,7,1,Flowers In December
57945,0.369025387,0.002311631,0.00010653,0.013925486,-0.175280096,0.006962743,0.000335604,0.006593718,1.79E-06,0.000814641,0.002694582,0.912551042,0.006962743,1,2,Lobo-hombre en París
48071,0.470971144,0.006615004,0.003931895,0.064223338,-0.047268377,0,0.000657219,0.002997089,0.000246903,0.002126506,0.004745391,0.87801866,0.028543706,7,1,Future Legend - 2016 Remaster
10539,0.526285088,0.005622061,0.007610249,0.008353732,-0.056178845,0.008353732,0.000590609,3.07E-06,0.005246143,0.000843727,0.004511015,0.84762808,0.033414926,0,4,"Wie man Freunde gewinnt - Die Kunst, beliebt und einflussreich zu werden, Kapitel 22"
15728,0.350381125,0.00244118,0.005106374,0.057439529,-0.032740531,0.005743953,0.000460665,0.000373357,0,0.001981664,0.003699106,0.933943761,0.022975811,1,2,"Rhapsody on a Theme of Paganini, Op. 43: Variation XIII - Allegro"
66834,0.376813591,0.003450819,0.005612539,0.026443059,-0.027606554,0.006610765,0.000661076,1.65E-06,0,0.000852789,0.002598031,0.925070754,0.026443059,1,2,Mujeres Bravas
31218,0.341382919,0.003105915,0.004752586,0.060244045,-0.038502638,0,0.001653364,0.000410998,7.10E-09,0.000388909,0.004645485,0.936788199,0.026775131,1,2,Tour's End
11569,0.462423884,0.005348412,0.006107485,0.087249789,-0.067871611,0,0.000246917,0.000407457,1.82E-08,0.006124935,0.004074565,0.878980554,0.034899916,7,1,Moment Musical
60160,0.31366766,0.003166268,0.004734606,0.065100835,-0.0212643,0,0.000261587,0.001509156,0,0.002663216,0.002497505,0.946867974,0.017754773,4,3,Duel au soleil - 2006 Remaster
11109,0.374239604,0.004453451,0.002492436,0.014969584,-0.074735649,0.007484792,0.000404179,0.005523777,0,0.001571806,0.003989394,0.923638312,0.029939168,1,2,Little White Lies
58946,0.612208637,0.005577901,0.006773165,0.03887039,-0.042320137,0,0.000310963,0.005791688,0,0.001020348,0.004596424,0.787562683,0.03887039,0,4,一生何求
67082,0.719398143,0.006049484,0.00793518,0.021799944,-0.0385859,0,0.000701958,0.000261599,2.56E-08,0.001842095,0.00788068,0.691690414,0.043599887,5,3,Numb
37336,0.65604776,0.004357332,0.005297341,0.068542303,-0.072067336,0.009791758,0.000720673,0.003515241,0,0.001067302,0.002124811,0.747003397,0.03916703,5,3,On Bended Knees
38536,0.497608256,0.00670414,0.004451332,0.099521651,-0.044377609,0,0.000273232,0.005727019,0,0.001420445,0.005193221,0.859695166,0.036189691,2,0,Nowhere To Run
58997,0.330023006,0.003518281,0.00416654,0,-0.037693342,0,0.000406046,0.002422133,0,0.001956565,0.003105752,0.942899302,0.023573072,4,3,Beyond the Sea (La Mer)
60438,0.35441433,0.004642133,0.003995848,0.062543705,-0.044058566,0.006949301,0.000234886,0.005997246,0,0.000722727,0.004301617,0.931463402,0.027797202,1,2,I Wanna Dance with Somebody (Who Loves Me)
51341,0.302901481,0.002008125,0.004801549,0.011218573,-0.016457647,0.005609287,0.000264197,0.000141915,0,0.001306964,0.003040233,0.952512973,0.022437147,4,3,Keep Us on the Road
2636,0.445321027,0.006540107,0.005597074,0.087317848,-0.087841755,0,0.000310852,0.002584608,9.08E-07,0.004374624,0.007343431,0.885988012,0.034927139,7,1,Pillerias - Remasterizado
32589,0.517057081,0.007257265,0.00683254,0.064632135,-0.066524933,0.009233162,0.000299154,0.003582467,0,0.000662018,0.008540675,0.849949509,0.036932649,2,0,A Hundred And Sixty Acres
62866,0.335513161,0.003374868,0.005782668,0.013157379,-0.025972666,0.006578689,0.000207887,1.05E-05,0,0.001670987,0.002098602,0.941167046,0.026314758,4,3,É por você que canto - The Sound of Silence
35573,0.350626645,0.003555354,0.002727875,0.070125329,-0.064662566,0,0.000214584,0.005280437,8.06E-07,0.001248231,0.001746121,0.931194243,0.028050132,1,2,Mojo Hand
37420,0.350020071,0.002737042,0.004217455,0.040166238,-0.049817611,0.005738034,0.000258785,0.000912347,0,0.004171551,0.002886231,0.934226522,0.022952136,1,2,只有你
13165,0.392145577,0.003848836,0.006339687,0,-0.07677339,0.007261955,0.000314443,0.000292657,8.57E-07,0.000864173,0.003311452,0.916168259,0.029047821,1,2,Practice Makes Perfect - Take 1
62447,0.60081969,0.004072222,0.004282032,0.038147282,-0.079823187,0.00953682,0.000321391,0.007886951,0,0.001277934,0.002203006,0.793434853,0.038147282,0,4,Love Shack
70986,0.587257648,0.004215984,0.003435895,0.035060158,-0.071873324,0.00876504,0.00021562,0.004189689,0,0.001069335,0.002252615,0.804595568,0.035060158,0,4,Buloy
59890,0.520787531,0.004983222,0.008067101,0.091903682,-0.05830778,0.01021152,0.00069132,0.003553609,0,0.009435445,0.00490153,0.845544509,0.040846081,2,0,Ay Que Pesado
45377,0.666206186,0.002017385,0.001904787,0.046915929,-0.118697299,0.009383186,0.000324658,0.009082924,0.000548916,0.000866068,0.001341796,0.73458146,0.009383186,5,3,"""L'elisir d'amore / Act 2: """"Una furtiva lagrima...Eccola!"""""""
71204,0.520603527,0.006767846,0.006570648,0.039439661,-0.029556082,0,0.000371522,0.002957975,0,0.000883448,0.005466337,0.851715258,0.031551729,2,0,To Brazil!
71154,0.406505475,0.004710681,0.003682461,0.039853478,-0.077873696,0.007970696,0.000223977,0.005101245,5.13E-07,0.000860835,0.002574535,0.908818711,0.031882782,1,2,High
66777,0.522622432,0.003983763,0.004782488,0.039443202,-0.104159637,0,0.001863691,0.005610796,8.15E-06,0.004614855,0.003875295,0.844271887,0.039443202,0,4,Christian Woman
9715,0.504083265,0.005285673,0.00417669,0.064810706,-0.047664673,0,0.000231158,0.001713883,4.32E-06,0.000214595,0.006927544,0.859361151,0.028804758,2,0,Más Vale Tarde Que Nunca
5143,0.42297776,0.00609857,0.004821946,0.030762019,-0.08151166,0,0.000331461,0.002045674,5.46E-07,0.001115123,0.007405956,0.901350226,0.030762019,3,0,Solitario - Remasterizado
39719,0.384320086,0.002717692,0.002251018,0.075491445,-0.049337091,0,0.000201768,0.005950098,5.69E-08,0.001708852,0.000374712,0.918346571,0.027451435,1,2,B-A-B-Y
17529,0.393483397,0.00422197,0.004418712,0.042538746,-0.049105664,0.005317343,0.001760041,7.18E-05,5.96E-09,0.000584908,0.001744089,0.916747189,0.021269373,1,2,"2 Elegiac Melodies, .34: No. 1, Hjertesår"
2698,0.587540687,0.00381463,0.003709399,0.096461904,-0.077125677,0.008769264,0.000210462,0.000803265,5.78E-06,0.001157543,0.003954938,0.799204411,0.026307792,0,4,La Valse Des Coups De Pied Au Boum
53944,0.431576784,0.005859203,0.004930216,0.043889164,-0.040787663,0,0.000980191,0.001975012,0,0.000554466,0.003313632,0.899566944,0.029259443,3,0,"Here We Go Again, Pts. 1 & 2"
64804,0.436225457,0.006895718,0.00559543,0.033555804,-0.03342997,0,0.000695444,0.000939563,0,0.001551956,0.003212968,0.89791138,0.033555804,3,0,Tengo Mucho Que Aprender de Ti
41030,0.400005093,0.005292375,0.003192348,0.053846839,-0.106562895,0,0.000454621,0.002276952,0.000763087,0.002484647,0.00268465,0.908150025,0.030769623,7,1,In The Morning
28752,0.469489093,0.004745451,0.005467742,0,-0.037970833,0,0.000421818,0.003091405,0,0.000525828,0.004853795,0.881599396,0.028891636,3,0,"Daphnis et Chloé, M. 57: Scene 3: Sunrise. Daphnis Prostrate at the Grotto of the Nymphs"
4201,0.431616735,0.005328234,0.005640784,0,-0.069914469,0.007441668,0.000201669,0.000423431,3.83E-05,0.002626909,0.006377509,0.898759993,0.029766671,3,0,Chapter 3.8 - Zamek kaniowski
67891,0.569384186,0.002584128,0.002792172,0.065698175,-0.10583976,0,0.00036134,0.008825455,0,0.000972333,0.001981895,0.810671685,0.054748479,0,4,C'Mon wit da Git Down
13481,0.475442468,0.006998513,0.005334464,0,-0.077592211,0.009508849,0.000475442,0.004240947,0,0.001217133,0.00116008,0.875384672,0.038035397,3,0,I'll See You In My Dreams (Alternate Version)
49644,0.429070654,0.00504504,0.003335678,0.041522967,-0.057744605,0.006920494,0.000215227,0.001321814,5.52E-06,0.000740493,0.002346048,0.899989538,0.027681978,3,0,The Jack
66399,0.622850428,0.005969782,0.004724081,0.047911571,-0.074042542,0,0.000323882,0.000605602,0,0.000996561,0.005691895,0.77634952,0.038329257,0,4,Piedra
44798,0.272396098,0.002825442,0.002691914,0.0427288,-0.028275783,0.0053411,0.000185336,0.002974993,0,0.000635591,0.001196406,0.960554101,0.0213644,4,3,When the Levee Breaks - 1990 Remaster
2228,0.526402716,0.004146323,0.006576428,0.050476973,-0.052459997,0,0.000283392,0.000660527,1.52E-05,0.000405258,0.00607887,0.846563733,0.028843984,2,0,Kapitel 410 - Der Page und die Herzogin
36757,0.469940972,0.006071334,0.000216779,0.075796931,-0.206160073,0.007579693,0.001053577,0.005108713,0.005912161,0.000633662,0.005555915,0.854519441,0.022739079,6,1,Wipe Out
42693,0.386930457,0.002198748,0.005668838,0.03685052,-0.022859606,0,0.000878271,1.79E-06,0.001203784,0.00045449,0.001173075,0.920882205,0.01842526,1,2,Midnight Rambler
31572,0.465162813,0.005702254,0.006897242,0.064160388,-0.02812631,0.008020049,0.00033203,0.000122707,0,0.003071679,0.0032401,0.881772253,0.032080194,7,1,The High And The Mighty
74858,0.45142185,0.004391103,0.002558057,0.034198625,-0.072542123,0.006839725,0.000218871,0.002893204,1.05E-08,0.00297528,0.000669609,0.888227207,0.0273589,3,0,Hymn for the Weekend (Cardio + Running Workout Mix)
47238,0.312034643,0.004723348,0.001437807,0.042828284,-0.055523811,0,0.000293068,0.0046071,7.65E-06,0.000679134,0.004301183,0.947129153,0.024473305,4,3,Paperback Writer - Remastered 2009
37858,0.599513774,0.00538763,0.005115851,0,-0.041078684,0,0.00027098,0.001207021,0,0.0007394,0.005307695,0.798616296,0.031974068,0,4,Love Me With All Your Heart (Cuando Caliente El Sol)
50389,0.550684554,0.002212751,0.000319397,0.070087125,-0.202842152,0.010012446,0.000417519,0.00990231,0.009441737,0.000674839,0.000430535,0.805911826,0.030037339,6,1,War
1709,0.356491548,0.003714642,0.002759245,0.049908817,-0.087012457,0.007129831,0.000206052,0.001012436,4.85E-06,0.000798541,0.002074781,0.928418069,0.028519324,1,2,Louisville Bluezees - Remastered
55003,0.27545911,0.002030836,0.005012276,0.010802318,-0.01099676,0.005401159,0.000642738,4.37E-08,0.001749976,0.000130168,0.003019248,0.960909398,0.021604636,4,3,Stars On 45 - Original Single Version
69345,0.387474395,0.004956748,0.005380777,0.007310838,-0.056169166,0,0.002376022,0.00014183,1.77E-07,0.000696723,0.003165593,0.919374389,0.036554188,1,2,我等到花兒也謝了
57373,0.527362968,0.00460244,0.006529712,0.047942088,-0.076726518,0.009588418,0.001562912,0.002723111,0,0.001198552,0.007095429,0.843809514,0.03835367,2,0,Tarde (with Juan Gabriel) - En Vivo
34852,0.387206252,0.002551753,0.004068839,0.012695287,-0.037482835,0.006347643,0.000212646,0.003389642,0,0.000710936,0.001599606,0.920751077,0.025390574,1,2,Fica Comigo Esta Noite
66079,0.365203017,0.003705151,0.004926921,0.039840329,-0.030086089,0.006640055,0.000245018,1.26E-05,3.78E-07,0.000369187,0.001759615,0.929162796,0.026560219,1,2,El Centro De Mi Corazón
46753,0.330821497,0.003600865,0.002729277,0.012723904,-0.06029858,0.006361952,0.000181952,0.002907412,2.15E-07,0.001100618,0.002067634,0.941295313,0.025447807,4,3,Sweet Revenge
53993,0.423751246,0.005570403,0.006179064,0.069341113,-0.049031871,0,0.000436849,0.00339001,0,0.001587141,0.004684377,0.901203332,0.030818272,7,1,Strange World - 2015 Remaster
48063,0.482217184,0.006813938,0.00373893,0.006988655,-0.050507009,0.006988655,0.001369776,0.000547212,0,0.000747786,0.004689387,0.874043106,0.027954619,3,0,"Lay Down, Stay Down - Remastered 2006"
24208,0.3970589,0.001526356,0.00180997,0.030939655,-0.049183738,0.005156609,0.000180997,0.004243889,7.73E-09,0.000567227,0.000979756,0.915793148,0.015469827,1,2,Siko Dimitro kai allakse
24333,0.478837221,0.004603222,0.005860968,0.063844963,-0.021368909,0.006384496,0.000432869,0.000260487,1.56E-07,0.001487588,0.006161039,0.874867526,0.025537985,7,1,Aai Jawani Aai
11201,0.542730817,0.005800436,0.006139642,0.016960338,-0.113676666,0,0.000412136,0.001696034,1.04E-05,0.00030783,0.007555831,0.831234647,0.033920676,0,4,Himno del Legionario (Instrumental) - Remastered
37221,0.445458817,0.005571662,0.004296964,0.075385338,-0.034389421,0,0.000333066,0.000528383,4.22E-06,0.000897771,0.005489423,0.890993019,0.02741285,7,1,Our Love Is Here To Stay - Remastered
64665,0.489395908,0.005889627,0.004514255,0.042189302,-0.050610287,0.00843786,0.000205884,0.00110536,0.000350171,0.000836192,0.001797264,0.868838056,0.033751442,2,0,Let It Be Me
21527,0.558792617,0.002822256,0.005566706,0.007073324,-0.020371174,0.007073324,0.000352959,0.000139344,4.29E-07,0.000484523,0.004045941,0.828208466,0.035366621,0,4,Khayegi Thokaren Jawani
20866,0.450813372,0.004293461,0.004851611,0.078713446,-0.049331863,0.007155768,0.000266195,0.000222544,0,0.00241865,0.00233278,0.887250807,0.028623071,7,1,Sentimiento Gaucho - Remasterizado
9028,0.335522968,0.003157863,0.003263125,0.046052172,-0.064473041,0.006578882,0.000182893,0.000643415,8.29E-06,0.002098663,0.001894718,0.93828669,0.026315527,1,2,No Angles - Feel It Club Mix
70869,0.570892964,0.004847752,0.008011854,0.029028456,-0.024141999,0,0.001103081,0.000512836,0,0.001306281,0.004673581,0.819173346,0.038704608,0,4,Come on Eileen
60777,0.383376134,0.002786323,0.002115415,0.047922017,-0.063804742,0.006846002,0.000211541,0.005928638,2.20E-06,0.001430815,0.001211742,0.919856266,0.020538007,1,2,Hasta Donde Te Quiero
39503,0.395656818,0.004181683,0.004052072,0.068216693,-0.036918874,0.006821669,0.00018896,0.003363083,4.51E-08,0.002701381,0.003458586,0.914649416,0.027286677,1,2,Cherry Cherry
71009,0.35495316,0.003671729,0.003386602,0.064007947,-0.054505676,0,0.000311893,0.001256883,0,0.000989214,0.00286872,0.930786107,0.023275617,1,2,Gigi l'amoroso - French Version
48773,0.267320656,0.003277351,0.004111392,0,-0.010724905,0.005346413,0.000255559,0.001144132,0,0.000449099,0.004806425,0.963268597,0.021385652,4,3,Black Friday
41034,0.377190504,0.004786417,0.003154093,0.052026276,-0.043981713,0,0.00126814,0.001183598,1.21E-06,0.000642525,0.003921481,0.923232288,0.026013138,1,2,"Baubles, Bangles And Beads"
62427,0.374589362,0.001211907,0.00695561,0.014689779,-0.071869743,0.007344889,0.000564822,0.006874817,0.00730082,0.007029059,9.77E-05,0.923884265,0.022034668,1,2,Goodbye Time
71207,0.574262227,0.006882312,0.007544922,0.079513231,-0.043802956,0.008834803,0.001934822,0.000408168,0,0.001855309,0.003348391,0.812731242,0.035339214,0,4,Cumbanchero
67579,0.446126162,0.006537776,0.007373249,0.032445539,-0.046080777,0.008111385,0.000709746,0.000544274,0,0.000266865,0.007697704,0.892479443,0.032445539,3,0,My Name Is Jonas
73798,0.438811785,0.00567321,0.006386279,0.070523323,-0.05605037,0,0.000302467,0.000474857,0,0.002703394,0.007162035,0.89342863,0.031343699,7,1,Be Like That
48550,0.434334921,0.005262691,0.005798371,0.050672407,-0.036947424,0,0.000206309,0.002280258,6.04E-06,0.000919342,0.006486068,0.898038121,0.028955661,3,0,Mexico - 2019 Remaster
9907,0.569338299,0.005500387,0.00338708,0.067548612,-0.121355906,0,0.000264405,0.002200155,7.30E-05,0.003560777,0.005712683,0.809309567,0.038599207,0,4,"Das ist bei uns nicht möglich, Kapitel 144"
63680,0.376461807,0.003499243,0.00488166,0.030857525,-0.02858024,0,0.00047644,0.000383868,7.22E-05,0.000691209,0.000987441,0.925127118,0.02468602,1,2,While My Guitar Gently Weeps
29062,0.419842235,0.005538971,0.00152469,0.081022186,-0.072411737,0,0.000576731,0.00671011,6.72E-06,0.000817588,0.002445397,0.900539497,0.029462613,7,1,"""Catalani: La Wally, Act 1: """"Ebben? ... Ne andrò lontana"""" (Wally)"""
61132,0.522542522,0.003904818,0.006460526,0.019001546,-0.039646726,0.009500773,0.000523493,0.004275348,0,0.005025909,0.004075832,0.850879741,0.028502319,0,4,En mi coche
56810,0.413162831,0.005718174,0.007544353,0.041316283,-0.032879498,0,0.001280805,0.001884023,0,0.000639576,0.006833713,0.908445905,0.033053026,7,1,Forever by Your Side
